idPedido,idProduto
0,70
0,15
0,53
0,49
0,34
0,17
0,12
0,41
0,47
0,60
1,70
1,28
1,53
1,80
1,59
1,51
1,12
1,44
1,47
1,60
2,27
2,73
2,53
2,55
2,40
2,30
2,5
2,41
2,47
2,22
3,70
3,28
3,23
3,56
3,17
3,44
3,47
4,76
4,15
4,53
4,80
4,30
4,24
4,11
4,42
4,60
4,35
5,76
5,31
5,23
5,80
5,11
5,44
5,47
5,60
6,76
6,73
6,59
6,49
6,46
6,11
6,42
6,47
6,22
7,27
7,31
7,59
7,80
7,72
7,49
7,12
7,44
7,47
7,28
8,70
8,15
8,53
8,81
8,59
8,20
8,12
8,41
8,47
8,64
9,84
9,73
9,53
9,40
9,20
9,18
9,5
9,41
9,47
9,35
10,70
10,28
10,49
10,81
10,55
10,20
10,5
10,42
10,47
10,52
11,84
11,28
11,59
11,80
11,46
11,40
11,12
11,44
11,47
11,22
12,27
12,31
12,59
12,80
12,49
12,23
12,12
12,43
12,47
12,62
13,83
13,73
13,53
13,69
13,30
13,20
13,18
13,41
13,60
13,35
14,76
14,73
14,53
14,49
14,23
14,20
14,12
14,41
14,47
14,22
15,78
15,73
15,11
15,16
15,51
15,49
15,10
15,44
15,47
15,22
16,27
16,73
16,80
16,44
16,47
16,35
17,70
17,15
17,30
17,51
17,1
17,42
17,47
17,62
18,70
18,15
18,30
18,51
18,50
18,23
18,32
18,44
18,47
18,62
19,70
19,15
19,23
19,17
19,57
19,80
19,49
19,44
19,47
20,77
20,73
20,34
20,12
20,53
20,17
20,23
20,41
20,47
20,52
21,76
21,15
21,4
21,53
21,30
21,5
21,81
21,41
21,47
21,60
22,83
22,73
22,53
22,46
22,81
22,11
22,63
22,41
22,47
22,52
23,70
23,15
23,17
23,49
23,56
23,40
23,10
23,42
23,47
23,22
24,70
24,15
24,80
24,57
24,30
24,51
24,72
24,41
24,47
24,60
25,29
25,31
25,17
25,49
25,12
25,23
25,4
25,42
25,47
25,62
26,83
26,15
26,46
26,12
26,53
26,41
26,52
27,83
27,73
27,18
27,53
27,81
27,49
27,23
27,44
27,52
27,62
28,83
28,73
28,53
28,80
28,4
28,12
28,40
28,44
28,47
28,60
29,70
29,73
29,53
29,17
29,23
29,63
29,4
29,41
29,47
29,52
30,29
30,31
30,45
30,24
30,4
30,40
30,56
30,44
30,47
30,35
31,15
31,12
31,80
31,34
31,13
31,2
31,44
31,47
32,70
32,15
32,65
32,53
32,59
32,4
32,49
32,44
32,47
32,52
33,27
33,15
33,34
33,11
33,57
33,12
33,23
33,44
33,47
33,22
34,75
34,73
34,3
34,30
34,80
34,37
34,51
34,41
34,47
34,35
35,27
35,15
35,17
35,53
35,41
35,47
35,52
36,70
36,31
36,23
36,12
36,72
36,49
36,17
36,41
36,52
36,47
37,70
37,73
37,17
37,59
37,80
37,4
37,23
37,44
37,47
37,28
38,83
38,15
38,30
38,20
38,10
38,59
38,81
38,44
38,62
38,71
39,78
39,73
39,12
39,34
39,20
39,40
39,17
39,44
39,22
39,35
40,27
40,73
40,80
40,11
40,59
40,12
40,40
40,42
40,52
40,47
41,70
41,15
41,12
41,11
41,49
41,56
41,17
41,44
41,47
41,22
42,70
42,15
42,12
42,50
42,80
42,46
42,59
42,44
42,52
42,47
43,76
43,15
43,17
43,25
43,59
43,80
43,12
43,44
43,22
43,47
44,84
44,73
44,17
44,23
44,41
44,47
45,75
45,28
45,4
45,30
45,57
45,11
45,53
45,44
45,35
45,28
46,70
46,31
46,59
46,17
46,34
46,12
46,80
46,44
46,47
46,28
47,76
47,73
47,12
47,4
47,30
47,56
47,63
47,42
47,47
47,62
48,27
48,73
48,12
48,34
48,17
48,17
48,81
48,44
48,60
48,35
49,76
49,73
49,34
49,12
49,24
49,56
49,11
49,44
49,47
49,35
50,83
50,15
50,48
50,23
50,4
50,6
50,44
50,47
50,60
51,75
51,73
51,59
51,20
51,11
51,51
51,12
51,44
51,47
51,71
52,76
52,15
52,80
52,12
52,34
52,17
52,50
52,44
52,52
52,47
53,70
53,31
53,59
53,80
53,11
53,12
53,6
53,44
53,47
53,22
54,70
54,15
54,53
54,80
54,72
54,11
54,63
54,44
54,47
54,52
55,83
55,15
55,80
55,12
55,23
55,11
55,10
55,44
55,47
55,35
56,70
56,73
56,66
56,53
56,49
56,53
56,69
56,44
56,35
56,28
57,76
57,15
57,1
57,11
57,59
57,80
57,34
57,44
57,47
57,22
58,70
58,73
58,59
58,80
58,11
58,49
58,4
58,44
58,47
58,22
59,75
59,28
59,30
59,11
59,1
59,5
59,24
59,43
59,62
59,52
60,70
60,15
60,53
60,12
60,34
60,40
60,44
60,47
60,47
61,84
61,15
61,11
61,81
61,30
61,59
61,12
61,41
61,47
61,35
62,27
62,28
62,57
62,80
62,17
62,10
62,4
62,41
62,52
62,22
63,27
63,73
63,17
63,65
63,12
63,25
63,5
63,41
63,47
63,60
64,70
64,73
64,11
64,81
64,44
64,47
64,62
65,83
65,73
65,4
65,23
65,80
65,12
65,45
65,44
65,47
65,62
66,70
66,15
66,53
66,80
66,9
66,46
66,34
66,44
66,47
66,52
67,70
67,15
67,59
67,44
67,47
68,27
68,73
68,53
68,56
68,72
68,12
68,49
68,41
68,47
68,52
69,70
69,15
69,23
69,11
69,49
69,80
69,12
69,44
69,47
69,52
70,77
70,28
70,11
70,23
70,17
70,5
70,49
70,44
70,47
70,22
71,78
71,73
71,12
71,51
71,72
71,81
71,10
71,44
71,47
71,35
72,27
72,28
72,16
72,57
72,74
72,69
72,36
72,44
72,22
72,35
73,83
73,28
73,30
73,23
73,4
73,9
73,10
73,44
73,47
73,22
74,70
74,73
74,11
74,16
74,34
74,49
74,81
74,41
74,47
74,28
75,77
75,73
75,23
75,30
75,16
75,80
75,10
75,44
75,35
75,22
76,77
76,31
76,16
76,34
76,23
76,5
76,80
76,44
76,47
76,52
77,76
77,15
77,30
77,16
77,81
77,41
77,47
77,71
78,29
78,15
78,53
78,23
78,30
78,44
78,47
78,35
79,70
79,28
79,30
79,23
79,17
79,74
79,51
79,44
79,47
79,35
80,70
80,15
80,11
80,80
80,18
80,23
80,53
80,41
80,47
80,52
81,27
81,73
81,23
81,46
81,53
81,12
81,49
81,41
81,22
81,47
82,84
82,73
82,12
82,9
82,11
82,51
82,3
82,41
82,22
82,28
83,27
83,73
83,53
83,30
83,45
83,4
83,55
83,44
83,47
83,62
84,38
84,31
84,3
84,30
84,23
84,16
84,11
84,44
84,52
84,35
85,27
85,15
85,59
85,11
85,23
85,17
85,50
85,41
85,47
85,28
86,76
86,31
86,20
86,23
86,80
86,16
86,57
86,44
86,52
86,35
87,70
87,73
87,30
87,51
87,16
87,81
87,44
87,47
87,52
88,70
88,28
88,39
88,23
88,59
88,53
88,57
88,42
88,47
88,64
89,29
89,73
89,30
89,4
89,10
89,59
89,56
89,44
89,47
89,52
90,83
90,31
90,4
90,23
90,80
90,53
90,72
90,44
90,47
90,64
91,76
91,73
91,23
91,49
91,11
91,17
91,20
91,44
91,47
91,60
92,84
92,15
92,53
92,23
92,10
92,41
92,47
92,35
93,76
93,15
93,30
93,48
93,5
93,4
93,45
93,44
93,62
93,47
94,38
94,73
94,34
94,59
94,18
94,19
94,49
94,44
94,22
94,47
95,78
95,15
95,2
95,12
95,80
95,33
95,81
95,41
95,47
95,35
96,70
96,73
96,34
96,12
96,46
96,44
96,47
97,75
97,15
97,12
97,17
97,30
97,51
97,46
97,44
97,47
97,64
98,70
98,28
98,59
98,12
98,17
98,46
98,50
98,44
98,47
98,28
99,38
99,73
99,81
99,30
99,72
99,53
99,44
99,35
99,47
100,29
100,15
100,11
100,72
100,12
100,46
100,20
100,43
100,35
100,60
101,38
101,73
101,72
101,11
101,80
101,17
101,59
101,42
101,47
101,52
102,76
102,73
102,53
102,12
102,80
102,4
102,34
102,44
102,47
102,22
103,27
103,15
103,30
103,80
103,3
103,10
103,59
103,41
103,52
103,47
104,76
104,15
104,30
104,48
104,5
104,4
104,45
104,44
104,62
104,47
105,76
105,15
105,17
105,20
105,12
105,34
105,23
105,41
105,47
105,60
106,70
106,15
106,53
106,23
106,12
106,4
106,51
106,44
106,47
106,52
107,27
107,28
107,17
107,12
107,39
107,19
107,57
107,44
107,47
107,28
108,70
108,28
108,11
108,80
108,23
108,12
108,17
108,44
108,28
108,52
109,27
109,28
109,16
109,66
109,34
109,80
109,30
109,44
109,47
109,52
110,70
110,73
110,80
110,54
110,46
110,17
110,23
110,44
110,28
110,52
111,83
111,15
111,11
111,80
111,49
111,44
111,47
111,35
112,27
112,31
112,4
112,30
112,10
112,80
112,5
112,44
112,47
112,35
113,70
113,73
113,53
113,30
113,81
113,12
113,9
113,42
113,47
113,35
114,70
114,73
114,80
114,34
114,30
114,11
114,51
114,44
114,22
114,28
115,75
115,15
115,30
115,59
115,53
115,4
115,57
115,44
115,47
115,47
116,70
116,15
116,80
116,10
116,49
116,11
116,23
116,41
116,47
116,64
117,70
117,15
117,23
117,17
117,49
117,44
117,47
117,52
118,83
118,15
118,61
118,30
118,12
118,8
118,41
118,60
118,35
119,84
119,15
119,30
119,30
119,45
119,53
119,53
119,41
119,47
119,62
120,70
120,31
120,53
120,23
120,49
120,81
120,11
120,41
120,47
120,60
121,27
121,73
121,53
121,57
121,12
121,39
121,23
121,44
121,62
121,28
122,76
122,28
122,17
122,12
122,63
122,49
122,34
122,42
122,28
123,76
123,28
123,12
123,17
123,11
123,63
123,32
123,44
123,47
123,52
124,83
124,15
124,20
124,44
125,38
125,73
125,23
125,80
125,11
125,57
125,10
125,44
125,62
125,64
126,27
126,73
126,17
126,12
126,34
126,44
126,47
126,52
127,77
127,15
127,23
127,59
127,30
127,80
127,34
127,41
127,47
127,28
128,76
128,73
128,80
128,34
128,53
128,23
128,11
128,42
128,62
128,71
129,70
129,15
129,53
129,80
129,23
129,57
129,16
129,44
129,47
129,28
130,77
130,73
130,23
130,59
130,16
130,53
130,20
130,43
130,47
130,28
131,78
131,31
131,23
131,4
131,40
131,12
131,41
131,47
132,70
132,73
132,23
132,80
132,12
132,20
132,53
132,44
132,28
132,47
133,70
133,15
133,80
133,11
133,54
133,59
133,51
133,44
133,47
133,28
134,84
134,15
134,11
134,10
134,18
134,24
134,72
134,41
135,70
135,31
135,30
135,16
135,4
135,23
135,12
135,41
135,35
135,52
136,84
136,73
136,12
136,81
136,9
136,17
136,68
136,44
136,22
136,28
137,77
137,15
137,53
137,49
137,65
137,10
137,12
137,42
137,47
137,35
138,70
138,28
138,4
138,3
138,10
138,72
138,12
138,44
138,28
138,60
139,70
139,15
139,53
139,34
139,80
139,11
139,4
139,44
139,47
139,28
140,70
140,73
140,80
140,11
140,30
140,49
140,34
140,44
140,47
140,22
141,76
141,31
141,12
141,46
141,50
141,17
141,34
141,44
141,47
141,64
142,83
142,73
142,51
142,46
142,16
142,30
142,53
142,44
142,62
142,47
143,70
143,15
143,53
143,23
143,4
143,80
143,11
143,41
143,47
143,62
144,84
144,28
144,30
144,53
144,11
144,51
144,12
144,42
144,35
144,60
145,76
145,73
145,12
145,49
145,17
145,17
145,63
145,41
145,47
145,28
146,70
146,73
146,59
146,80
146,17
146,49
146,34
146,44
146,47
146,64
147,29
147,73
147,53
147,80
147,81
147,40
147,49
147,44
147,47
147,62
148,83
148,15
148,12
148,17
148,4
148,50
148,40
148,44
148,47
148,60
149,27
149,15
149,16
149,4
149,79
149,80
149,23
149,41
150,76
150,15
150,30
150,80
150,55
150,20
150,23
150,44
150,62
150,52
151,15
151,59
151,53
151,46
151,50
151,74
151,44
151,52
151,47
152,70
152,31
152,80
152,11
152,23
152,30
152,51
152,41
152,35
152,47
153,27
153,15
153,11
153,30
153,80
153,23
153,16
153,42
154,75
154,73
154,11
154,80
154,49
154,46
154,44
154,47
154,52
155,70
155,15
155,17
155,4
155,23
155,44
155,47
155,52
156,76
156,31
156,23
156,80
156,12
156,20
156,34
156,41
156,64
156,47
157,83
157,15
157,53
157,80
157,23
157,30
157,68
157,41
157,35
157,47
158,27
158,73
158,17
158,53
158,4
158,56
158,10
158,44
158,52
158,22
159,70
159,73
159,57
159,80
159,46
159,23
159,34
159,41
159,47
159,52
160,70
160,28
160,53
160,11
160,4
160,49
160,25
160,44
160,22
160,47
161,83
161,73
161,53
161,4
161,49
161,56
161,5
161,41
161,28
161,22
162,75
162,31
162,53
162,30
162,24
162,1
162,55
162,42
162,47
162,60
163,27
163,15
163,53
163,80
163,11
163,23
163,30
163,41
163,47
163,28
164,70
164,15
164,4
164,20
164,74
164,41
164,22
165,83
165,73
165,30
165,34
165,44
165,22
165,47
166,70
166,73
166,53
166,11
166,80
166,41
166,47
167,27
167,15
167,53
167,11
167,12
167,49
167,20
167,44
167,47
167,64
168,76
168,73
168,34
168,49
168,44
168,47
169,76
169,73
169,59
169,12
169,23
169,80
169,59
169,44
169,47
169,28
170,70
170,73
170,11
170,53
170,12
170,80
170,59
170,42
170,47
170,52
171,75
171,31
171,80
171,53
171,23
171,11
171,30
171,44
171,47
171,47
172,27
172,73
172,53
172,59
172,12
172,50
172,30
172,44
172,47
172,47
173,70
173,15
173,59
173,80
173,11
173,46
173,12
173,41
173,47
173,52
174,70
174,15
174,80
174,17
174,49
174,23
174,11
174,44
174,47
174,60
175,70
175,73
175,11
175,25
175,80
175,49
175,44
175,60
175,47
176,29
176,15
176,2
176,17
176,10
176,33
176,44
176,47
176,71
177,70
177,73
177,20
177,23
177,57
177,12
177,80
177,41
177,47
177,22
178,78
178,73
178,12
178,40
178,59
178,34
178,63
178,42
178,47
178,60
179,27
179,15
179,72
179,30
179,50
179,80
179,53
179,44
179,47
179,35
180,70
180,28
180,53
180,80
180,72
180,59
180,11
180,41
180,47
180,22
181,27
181,73
181,11
181,80
181,53
181,25
181,20
181,44
181,62
181,71
182,38
182,28
182,16
182,17
182,12
182,23
182,30
182,41
182,28
182,47
183,84
183,28
183,17
183,12
183,80
183,49
183,65
183,41
183,47
183,22
184,75
184,15
184,68
184,46
184,24
184,34
184,65
184,44
184,47
184,60
185,84
185,73
185,17
185,25
185,80
185,49
185,10
185,44
185,47
186,70
186,73
186,46
186,59
186,12
186,17
186,49
186,41
186,47
186,60
187,70
187,73
187,59
187,80
187,50
187,17
187,12
187,44
187,60
187,47
188,70
188,73
188,17
188,65
188,23
188,42
188,47
189,38
189,15
189,30
189,4
189,7
189,55
189,30
189,44
189,22
189,71
190,70
190,73
190,30
190,34
190,17
190,57
190,46
190,44
190,47
190,22
191,84
191,73
191,30
191,12
191,51
191,34
191,49
191,41
191,47
191,28
192,83
192,28
192,12
192,46
192,11
192,4
192,17
192,41
192,47
192,35
193,70
193,73
193,17
193,53
193,12
193,44
193,28
193,47
194,27
194,31
194,23
194,5
194,20
194,80
194,10
194,44
194,35
194,52
195,83
195,15
195,30
195,80
195,57
195,16
195,41
195,60
195,35
196,27
196,15
196,57
196,53
196,24
196,4
196,11
196,41
196,60
196,52
197,70
197,28
197,4
197,23
197,34
197,59
197,74
197,42
197,28
197,22
198,70
198,15
198,10
198,12
198,34
198,46
198,41
198,47
198,60
199,38
199,15
199,17
199,80
199,23
199,11
199,4
199,44
199,22
199,28
200,38
200,31
200,53
200,10
200,80
200,23
200,65
200,44
200,60
200,47
201,70
201,28
201,59
201,12
201,39
201,3
201,50
201,44
201,22
201,47
202,27
202,73
202,36
202,23
202,33
202,40
202,58
202,44
202,47
202,28
203,83
203,73
203,53
203,1
203,80
203,4
203,11
203,44
203,47
203,60
204,76
204,28
204,18
204,66
204,59
204,49
204,44
204,22
204,52
205,27
205,15
205,16
205,12
205,50
205,80
205,32
205,44
205,47
205,52
206,27
206,15
206,4
206,80
206,5
206,23
206,3
206,43
206,62
206,47
207,70
207,73
207,20
207,30
207,12
207,81
207,34
207,41
207,35
207,47
208,83
208,73
208,53
208,80
208,3
208,12
208,34
208,41
208,47
208,52
209,70
209,31
209,12
209,68
209,50
209,23
209,56
209,42
209,47
209,62
210,76
210,73
210,11
210,12
210,34
210,54
210,4
210,44
210,28
210,22
211,27
211,31
211,10
211,57
211,80
211,18
211,72
211,41
211,35
211,60
212,70
212,73
212,12
212,4
212,39
212,17
212,63
212,44
212,47
212,22
213,70
213,15
213,23
213,59
213,17
213,20
213,50
213,44
213,47
214,75
214,28
214,20
214,23
214,12
214,39
214,74
214,44
214,47
215,76
215,15
215,12
215,10
215,80
215,53
215,49
215,44
215,60
215,47
216,27
216,73
216,16
216,4
216,30
216,80
216,46
216,41
216,47
216,22
217,27
217,73
217,30
217,80
217,11
217,53
217,3
217,44
217,52
217,47
218,27
218,73
218,34
218,17
218,80
218,51
218,44
218,28
218,22
219,84
219,73
219,30
219,33
219,10
219,41
219,47
219,67
220,27
220,31
220,23
220,80
220,17
220,53
220,12
220,44
220,35
220,47
221,27
221,15
221,11
221,12
221,17
221,80
221,46
221,44
221,47
221,35
222,84
222,28
222,40
222,23
222,39
222,17
222,50
222,44
222,35
222,60
223,70
223,31
223,57
223,20
223,30
223,56
223,49
223,41
223,47
223,60
224,27
224,73
224,80
224,5
224,30
224,11
224,44
224,47
224,35
225,27
225,15
225,80
225,57
225,9
225,30
225,25
225,41
225,47
225,35
226,73
226,53
226,30
226,80
226,23
226,3
226,44
226,47
226,62
227,70
227,31
227,23
227,4
227,12
227,46
227,17
227,44
227,47
227,52
228,76
228,28
228,53
228,23
228,80
228,11
228,12
228,44
228,47
228,52
229,70
229,73
229,59
229,34
229,23
229,57
229,12
229,44
229,22
229,28
230,77
230,15
230,53
230,30
230,10
230,80
230,41
230,47
230,52
231,70
231,73
231,4
231,30
231,81
231,53
231,11
231,44
231,47
231,52
232,27
232,73
232,12
232,30
232,16
232,11
232,4
232,41
232,60
232,47
233,27
233,15
233,12
233,46
233,50
233,63
233,53
233,41
233,60
233,71
234,38
234,15
234,53
234,11
234,12
234,42
234,64
234,52
235,70
235,73
235,80
235,11
235,14
235,16
235,12
235,44
235,47
235,60
236,29
236,15
236,19
236,23
236,30
236,12
236,80
236,42
236,35
236,28
237,29
237,15
237,53
237,49
237,17
237,23
237,30
237,44
237,47
237,52
238,29
238,73
238,30
238,16
238,51
238,12
238,46
238,42
238,22
239,70
239,73
239,30
239,12
239,48
239,24
239,44
239,52
239,28
240,38
240,15
240,53
240,25
240,56
240,80
240,3
240,41
240,47
240,35
241,84
241,15
241,80
241,4
241,44
242,70
242,15
242,80
242,53
242,17
242,49
242,41
242,60
242,35
243,76
243,31
243,34
243,50
243,11
243,12
243,19
243,44
243,47
243,22
244,83
244,15
244,80
244,11
244,53
244,16
244,18
244,44
244,47
244,60
245,75
245,31
245,53
245,5
245,20
245,16
245,51
245,44
245,60
245,47
246,70
246,15
246,20
246,4
246,16
246,81
246,55
246,41
246,22
246,52
247,70
247,31
247,17
247,63
247,49
247,44
247,47
248,38
248,15
248,20
248,30
248,34
248,12
248,53
248,44
248,47
248,52
249,38
249,31
249,34
249,53
249,25
249,57
249,5
249,44
249,28
249,52
250,76
250,15
250,34
250,17
250,12
250,19
250,59
250,41
250,47
250,52
251,70
251,15
251,17
251,34
251,12
251,18
251,9
251,44
252,84
252,73
252,59
252,80
252,11
252,24
252,63
252,44
252,47
252,60
253,76
253,73
253,12
253,34
253,50
253,17
253,41
253,47
254,27
254,15
254,80
254,53
254,25
254,24
254,11
254,44
254,47
254,60
255,78
255,28
255,53
255,17
255,30
255,11
255,49
255,44
255,52
255,60
256,70
256,73
256,34
256,11
256,80
256,23
256,44
256,47
256,22
257,76
257,15
257,17
257,23
257,40
257,50
257,63
257,44
257,47
257,52
258,70
258,31
258,12
258,53
258,55
258,81
258,40
258,44
258,47
259,84
259,15
259,53
259,46
259,12
259,49
259,56
259,41
259,47
259,52
260,75
260,28
260,3
260,34
260,12
260,81
260,59
260,41
260,64
260,28
261,83
261,15
261,53
261,41
262,70
262,15
262,23
262,80
262,11
262,12
262,17
262,44
263,75
263,15
263,80
263,10
263,17
263,17
263,49
263,44
263,47
263,60
264,70
264,15
264,80
264,23
264,17
264,11
264,49
264,44
264,47
264,52
265,84
265,28
265,12
265,34
265,55
265,25
265,24
265,44
265,62
265,35
266,76
266,73
266,23
266,30
266,80
266,11
266,16
266,44
266,35
266,28
267,29
267,28
267,80
267,30
267,59
267,34
267,20
267,44
267,28
267,22
268,78
268,31
268,80
268,53
268,11
268,49
268,24
268,44
268,47
268,52
269,83
269,15
269,66
269,69
269,79
269,17
269,24
269,43
269,35
269,64
270,77
270,28
270,80
270,23
270,12
270,20
270,40
270,42
270,22
270,47
271,29
271,31
271,53
271,12
271,24
271,30
271,33
271,42
271,35
271,52
272,70
272,31
272,59
272,51
272,12
272,46
272,58
272,42
272,47
272,52
273,70
273,15
273,17
273,12
273,25
273,57
273,23
273,41
273,47
273,47
274,70
274,15
274,4
274,40
274,51
274,44
274,28
274,47
275,84
275,15
275,72
275,48
275,11
275,41
275,71
276,76
276,73
276,53
276,34
276,72
276,40
276,12
276,41
276,35
276,60
277,27
277,15
277,53
277,23
277,72
277,11
277,49
277,41
277,47
277,52
278,29
278,15
278,16
278,30
278,4
278,11
278,41
278,62
278,52
279,70
279,15
279,17
279,16
279,34
279,80
279,53
279,41
279,47
279,28
280,75
280,73
280,30
280,11
280,49
280,53
280,23
280,44
280,52
280,28
281,27
281,73
281,11
281,80
281,57
281,12
281,17
281,44
281,28
281,52
282,70
282,15
282,34
282,20
282,59
282,11
282,5
282,42
282,47
282,60
283,38
283,15
283,72
283,30
283,51
283,59
283,11
283,44
283,47
284,70
284,73
284,11
284,4
284,17
284,56
284,23
284,44
284,47
284,28
285,70
285,15
285,30
285,46
285,12
285,11
285,44
285,47
285,35
286,15
286,23
286,53
286,49
286,44
286,47
286,35
287,27
287,15
287,53
287,3
287,10
287,16
287,12
287,41
287,35
287,62
288,29
288,73
288,4
288,53
288,80
288,11
288,49
288,44
288,47
288,35
289,77
289,15
289,53
289,12
289,34
289,49
289,39
289,41
289,47
289,62
290,29
290,31
290,17
290,12
290,51
290,68
290,23
290,44
290,47
290,22
291,83
291,73
291,17
291,59
291,80
291,23
291,72
291,41
291,47
291,22
292,83
292,73
292,53
292,12
292,49
292,44
292,47
292,22
293,83
293,15
293,68
293,11
293,81
293,49
293,10
293,44
293,35
293,47
294,83
294,73
294,12
294,63
294,65
294,30
294,53
294,41
294,47
294,35
295,70
295,73
295,57
295,23
295,20
295,49
295,41
295,47
295,28
296,76
296,28
296,10
296,2
296,23
296,4
296,59
296,41
296,28
296,60
297,83
297,73
297,30
297,54
297,11
297,4
297,16
297,44
297,64
297,47
298,29
298,73
298,72
298,51
298,3
298,57
298,30
298,43
298,47
298,60
299,70
299,15
299,53
299,80
299,44
299,47
300,29
300,73
300,17
300,12
300,81
300,55
300,42
300,47
300,47
301,70
301,31
301,53
301,11
301,13
301,12
301,24
301,44
301,35
301,60
302,76
302,28
302,20
302,59
302,12
302,17
302,1
302,41
302,47
302,28
303,29
303,73
303,20
303,23
303,53
303,57
303,80
303,44
303,47
303,28
304,27
304,15
304,80
304,11
304,30
304,23
304,59
304,41
304,52
304,47
305,76
305,73
305,40
305,34
305,46
305,33
305,12
305,44
305,47
305,28
306,38
306,31
306,12
306,17
306,18
306,50
306,59
306,41
306,52
306,22
307,70
307,73
307,53
307,34
307,17
307,65
307,40
307,44
307,47
307,35
308,76
308,73
308,59
308,17
308,80
308,49
308,11
308,41
308,47
308,22
309,76
309,15
309,30
309,51
309,24
309,51
309,80
309,42
309,60
309,52
310,84
310,73
310,30
310,12
310,17
310,4
310,24
310,44
310,47
310,35
311,78
311,73
311,10
311,4
311,12
311,42
311,47
312,27
312,73
312,23
312,80
312,11
312,57
312,17
312,44
312,22
312,35
313,83
313,15
313,80
313,11
313,10
313,74
313,17
313,41
313,47
313,52
314,70
314,15
314,68
314,17
314,56
314,17
314,68
314,41
314,47
314,35
315,77
315,15
315,30
315,57
315,11
315,34
315,4
315,44
315,22
315,28
316,73
316,46
316,20
316,30
316,53
316,49
316,44
316,60
316,52
317,76
317,15
317,12
317,50
317,40
317,46
317,32
317,42
317,47
317,60
318,84
318,15
318,39
318,23
318,30
318,72
318,81
318,41
318,35
318,62
319,27
319,15
319,80
319,55
319,17
319,12
319,24
319,41
319,52
319,35
320,77
320,15
320,80
320,58
320,30
320,30
320,11
320,41
320,47
320,47
321,27
321,15
321,53
321,4
321,11
321,49
321,23
321,41
321,47
321,52
322,84
322,15
322,51
322,41
322,47
322,52
323,76
323,15
323,17
323,45
323,44
323,47
323,35
324,83
324,15
324,20
324,30
324,53
324,33
324,11
324,44
324,47
324,64
325,70
325,31
325,53
325,81
325,4
325,10
325,20
325,44
325,35
325,64
326,70
326,73
326,59
326,17
326,81
326,51
326,23
326,44
326,47
326,22
327,27
327,73
327,57
327,4
327,7
327,3
327,11
327,43
327,60
327,35
328,70
328,15
328,23
328,12
328,17
328,80
328,23
328,41
328,62
328,22
329,70
329,15
329,80
329,4
329,34
329,12
329,18
329,41
329,28
329,52
330,75
330,73
330,30
330,16
330,12
330,81
330,5
330,44
330,47
330,22
331,27
331,15
331,23
331,80
331,23
331,30
331,12
331,44
331,35
331,47
332,76
332,73
332,17
332,12
332,23
332,51
332,53
332,44
332,47
332,22
333,84
333,73
333,59
333,30
333,23
333,41
333,47
334,76
334,31
334,23
334,16
334,51
334,5
334,20
334,44
334,47
334,35
335,83
335,28
335,12
335,33
335,23
335,30
335,16
335,43
335,28
335,22
336,70
336,15
336,4
336,11
336,16
336,81
336,44
336,47
336,52
337,70
337,73
337,34
337,11
337,23
337,46
337,44
337,47
337,22
338,70
338,73
338,80
338,30
338,72
338,74
338,42
338,62
338,60
339,76
339,73
339,23
339,19
339,10
339,11
339,80
339,44
339,47
339,22
340,38
340,28
340,4
340,11
340,80
340,23
340,30
340,43
341,84
341,73
341,81
341,23
341,16
341,30
341,53
341,44
341,47
341,35
342,70
342,73
342,80
342,34
342,23
342,53
342,51
342,44
342,47
342,22
343,29
343,15
343,2
343,30
343,23
343,81
343,9
343,41
343,35
343,52
344,70
344,15
344,53
344,23
344,12
344,51
344,81
344,44
344,35
344,52
345,84
345,15
345,11
345,17
345,12
345,56
345,23
345,41
345,47
345,35
346,70
346,73
346,17
346,23
346,50
346,44
346,47
346,35
347,77
347,73
347,30
347,12
347,48
347,5
347,16
347,41
347,35
347,60
348,70
348,15
348,80
348,58
348,11
348,63
348,53
348,44
348,47
349,83
349,15
349,80
349,41
349,35
349,60
350,70
350,73
350,16
350,40
350,72
350,12
350,34
350,41
350,47
350,35
351,70
351,73
351,80
351,11
351,51
351,12
351,17
351,41
351,60
351,47
352,70
352,31
352,19
352,80
352,57
352,30
352,40
352,41
352,47
352,52
353,84
353,31
353,53
353,23
353,4
353,80
353,10
353,44
353,52
353,28
354,70
354,73
354,17
354,23
354,80
354,46
354,56
354,44
354,22
355,83
355,15
355,59
355,11
355,17
355,49
355,20
355,44
355,47
356,77
356,73
356,57
356,49
356,46
356,17
356,25
356,44
356,47
356,52
357,83
357,28
357,30
357,10
357,49
357,69
357,68
357,41
357,47
357,60
358,70
358,73
358,53
358,80
358,72
358,20
358,23
358,44
358,47
358,52
359,70
359,73
359,9
359,23
359,11
359,41
359,35
359,47
360,70
360,15
360,12
360,11
360,17
360,56
360,4
360,44
360,22
360,47
361,77
361,73
361,80
361,7
361,3
361,10
361,53
361,44
361,47
361,35
362,70
362,73
362,12
362,8
362,10
362,30
362,66
362,44
362,47
362,28
363,70
363,73
363,17
363,4
363,34
363,46
363,10
363,44
363,47
363,52
364,70
364,15
364,53
364,12
364,23
364,44
364,47
365,27
365,15
365,53
365,68
365,80
365,11
365,55
365,44
365,52
365,35
366,84
366,15
366,80
366,23
366,53
366,17
366,56
366,41
366,47
366,52
367,27
367,15
367,51
367,80
367,46
367,12
367,34
367,41
367,47
367,52
368,70
368,31
368,11
368,59
368,12
368,17
368,23
368,42
368,47
368,35
369,70
369,73
369,53
369,54
369,12
369,34
369,20
369,44
369,52
369,62
370,83
370,15
370,80
370,17
370,23
370,11
370,10
370,44
370,47
370,67
371,77
371,73
371,34
371,49
371,80
371,12
371,17
371,44
371,47
371,60
372,29
372,15
372,34
372,51
372,49
372,42
372,47
373,83
373,15
373,80
373,49
373,34
373,51
373,46
373,41
373,47
373,64
374,77
374,15
374,81
374,24
374,17
374,49
374,16
374,41
374,47
374,52
375,78
375,28
375,12
375,34
375,23
375,39
375,50
375,44
375,47
375,22
376,75
376,15
376,4
376,9
376,80
376,10
376,12
376,44
376,47
376,52
377,75
377,73
377,59
377,53
377,23
377,11
377,80
377,44
377,47
377,28
378,76
378,28
378,80
378,16
378,56
378,4
378,12
378,41
378,47
378,52
379,83
379,15
379,10
379,80
379,66
379,72
379,44
379,47
380,70
380,73
380,53
380,11
380,57
380,5
380,4
380,44
380,47
381,76
381,15
381,59
381,30
381,50
381,23
381,32
381,44
381,47
381,22
382,83
382,15
382,72
382,53
382,11
382,10
382,5
382,44
382,62
382,47
383,27
383,31
383,11
383,17
383,23
383,80
383,30
383,41
383,47
383,60
384,38
384,15
384,80
384,8
384,9
384,49
384,11
384,44
384,47
384,60
385,29
385,73
385,53
385,23
385,50
385,5
385,44
385,47
385,52
386,77
386,15
386,4
386,1
386,34
386,56
386,53
386,43
386,47
386,60
387,70
387,15
387,53
387,40
387,34
387,12
387,59
387,44
387,47
387,22
388,27
388,15
388,4
388,7
388,10
388,57
388,80
388,44
388,60
388,60
389,84
389,73
389,34
389,59
389,16
389,56
389,40
389,41
389,47
389,22
390,76
390,15
390,30
390,10
390,2
390,23
390,51
390,43
390,47
390,60
391,38
391,28
391,34
391,49
391,63
391,12
391,41
391,22
391,62
392,76
392,73
392,23
392,80
392,49
392,20
392,65
392,41
392,62
393,38
393,15
393,6
393,5
393,24
393,72
393,20
393,41
394,70
394,73
394,53
394,23
394,46
394,12
394,49
394,42
394,52
394,35
395,77
395,73
395,53
395,80
395,11
395,12
395,63
395,44
395,47
395,28
396,70
396,73
396,30
396,80
396,49
396,56
396,11
396,41
396,35
396,52
397,27
397,31
397,12
397,24
397,39
397,50
397,20
397,41
397,64
397,62
398,38
398,73
398,23
398,4
398,54
398,17
398,81
398,41
398,35
398,22
399,70
399,31
399,80
399,30
399,59
399,57
399,11
399,42
399,62
399,52
400,29
400,73
400,23
400,34
400,12
400,11
400,30
400,44
400,28
400,47
401,70
401,15
401,2
401,11
401,80
401,23
401,53
401,41
401,47
401,60
402,70
402,73
402,9
402,18
402,63
402,80
402,57
402,44
402,47
402,52
403,27
403,15
403,59
403,17
403,12
403,44
403,47
403,64
404,83
404,15
404,34
404,80
404,49
404,46
404,72
404,44
404,47
404,64
405,70
405,73
405,65
405,12
405,49
405,59
405,11
405,44
405,47
405,22
406,70
406,28
406,30
406,16
406,46
406,51
406,49
406,42
406,22
406,52
407,70
407,73
407,53
407,51
407,80
407,30
407,11
407,44
407,47
407,52
408,70
408,15
408,2
408,49
408,81
408,25
408,44
408,22
408,35
409,29
409,73
409,21
409,80
409,34
409,33
409,49
409,44
409,64
409,22
410,27
410,73
410,53
410,12
410,54
410,65
410,44
410,60
410,47
411,27
411,15
411,53
411,30
411,24
411,25
411,44
411,47
412,83
412,31
412,12
412,72
412,4
412,16
412,51
412,42
412,47
412,35
413,70
413,73
413,34
413,46
413,12
413,41
413,47
414,78
414,73
414,11
414,4
414,81
414,72
414,16
414,42
414,47
414,52
415,78
415,31
415,4
415,49
415,41
415,62
415,47
416,27
416,15
416,80
416,49
416,57
416,17
416,23
416,44
416,47
416,52
417,70
417,15
417,72
417,17
417,26
417,6
417,3
417,44
417,52
417,60
418,77
418,31
418,53
418,30
418,12
418,17
418,63
418,41
418,35
418,28
419,70
419,15
419,53
419,80
419,11
419,51
419,12
419,41
419,47
419,52
420,29
420,31
420,30
420,51
420,50
420,46
420,32
420,43
420,47
420,52
421,70
421,31
421,59
421,17
421,59
421,12
421,34
421,41
421,47
421,60
422,70
422,15
422,80
422,17
422,11
422,12
422,23
422,44
422,47
422,52
423,70
423,73
423,51
423,12
423,34
423,49
423,53
423,41
423,47
423,22
424,27
424,15
424,10
424,16
424,30
424,56
424,53
424,44
424,47
424,60
425,29
425,15
425,23
425,17
425,80
425,44
425,47
425,52
426,75
426,31
426,49
426,51
426,57
426,11
426,18
426,44
426,22
426,52
427,83
427,73
427,12
427,34
427,49
427,11
427,40
427,44
427,47
427,52
428,70
428,31
428,53
428,30
428,11
428,72
428,69
428,41
428,47
428,35
429,27
429,28
429,20
429,11
429,55
429,12
429,49
429,41
429,47
429,22
430,83
430,15
430,13
430,80
430,2
430,4
430,49
430,44
430,52
430,47
431,84
431,15
431,30
431,80
431,11
431,45
431,59
431,41
431,62
431,35
432,70
432,73
432,53
432,4
432,54
432,11
432,45
432,44
432,60
432,28
433,83
433,73
433,53
433,30
433,4
433,23
433,72
433,41
433,52
433,22
434,31
434,80
434,23
434,53
434,12
434,17
434,44
434,47
434,28
435,38
435,73
435,12
435,34
435,49
435,41
435,62
436,29
436,73
436,49
436,53
436,80
436,12
436,74
436,44
436,47
437,70
437,15
437,17
437,12
437,10
437,80
437,23
437,42
437,47
437,52
438,27
438,15
438,12
438,17
438,23
438,50
438,80
438,44
438,47
438,52
439,84
439,15
439,53
439,30
439,39
439,12
439,54
439,41
439,52
439,28
440,76
440,31
440,20
440,24
440,11
440,49
440,12
440,41
440,47
440,64
441,78
441,15
441,30
441,5
441,25
441,49
441,11
441,44
441,47
441,22
442,38
442,73
442,20
442,17
442,24
442,59
442,59
442,41
442,47
442,22
443,70
443,15
443,4
443,34
443,81
443,42
443,47
443,60
444,83
444,15
444,80
444,49
444,51
444,4
444,41
444,47
444,35
445,27
445,28
445,53
445,12
445,20
445,40
445,49
445,41
445,47
445,60
446,70
446,15
446,59
446,80
446,49
446,57
446,11
446,41
446,47
446,22
447,70
447,15
447,12
447,30
447,80
447,46
447,34
447,44
447,47
447,60
448,76
448,15
448,59
448,34
448,25
448,50
448,23
448,44
448,47
448,22
449,70
449,31
449,50
449,59
449,11
449,23
449,51
449,44
449,47
449,52
450,70
450,73
450,25
450,23
450,11
450,44
450,47
450,22
451,38
451,31
451,24
451,80
451,34
451,12
451,46
451,44
451,52
451,47
452,70
452,15
452,46
452,53
452,80
452,12
452,17
452,44
452,22
452,47
453,84
453,73
453,53
453,80
453,11
453,12
453,57
453,44
453,47
453,52
454,83
454,15
454,20
454,53
454,72
454,81
454,5
454,43
454,47
454,52
455,70
455,15
455,80
455,53
455,23
455,46
455,20
455,44
455,47
455,71
456,75
456,73
456,53
456,12
456,20
456,42
456,47
456,22
457,27
457,15
457,4
457,11
457,56
457,19
457,17
457,41
457,52
457,22
458,27
458,15
458,80
458,49
458,23
458,30
458,4
458,41
458,35
458,60
459,70
459,15
459,34
459,12
459,42
459,47
459,35
460,70
460,73
460,20
460,46
460,49
460,12
460,11
460,44
460,22
460,47
461,38
461,73
461,9
461,25
461,80
461,18
461,49
461,44
461,64
461,35
462,27
462,28
462,12
462,4
462,72
462,24
462,56
462,41
462,60
462,71
463,77
463,73
463,34
463,12
463,23
463,80
463,40
463,44
463,47
463,22
464,70
464,73
464,10
464,51
464,56
464,65
464,11
464,44
464,47
465,76
465,31
465,23
465,80
465,46
465,12
465,34
465,41
465,64
465,47
466,83
466,73
466,11
466,4
466,7
466,59
466,30
466,41
466,28
466,22
467,70
467,73
467,80
467,34
467,12
467,17
467,19
467,41
467,47
467,22
468,70
468,28
468,34
468,80
468,44
468,47
468,22
469,76
469,73
469,4
469,18
469,23
469,72
469,80
469,44
469,22
469,71
470,84
470,73
470,53
470,23
470,12
470,56
470,11
470,41
470,60
470,52
471,70
471,31
471,17
471,34
471,12
471,23
471,50
471,44
471,47
471,22
472,27
472,28
472,49
472,80
472,13
472,23
472,12
472,44
472,47
472,60
473,77
473,31
473,23
473,80
473,51
473,12
473,20
473,44
473,47
473,35
474,70
474,28
474,80
474,11
474,41
474,47
474,60
475,76
475,15
475,17
475,23
475,11
475,49
475,51
475,44
475,47
476,70
476,15
476,12
476,46
476,53
476,80
476,11
476,44
476,47
476,52
477,70
477,73
477,12
477,50
477,81
477,23
477,57
477,44
477,47
477,52
478,84
478,31
478,40
478,20
478,53
478,13
478,12
478,43
478,64
478,62
479,76
479,73
479,80
479,81
479,33
479,34
479,12
479,41
479,47
479,52
480,27
480,15
480,59
480,34
480,80
480,66
480,12
480,41
480,47
480,22
481,70
481,31
481,53
481,30
481,12
481,1
481,11
481,44
481,47
481,35
482,84
482,73
482,53
482,34
482,30
482,16
482,12
482,44
482,52
482,62
483,28
483,16
483,13
483,3
483,13
483,57
483,44
483,52
483,35
484,84
484,31
484,17
484,66
484,24
484,5
484,44
484,52
484,28
485,27
485,73
485,53
485,59
485,23
485,11
485,16
485,44
485,47
485,22
486,70
486,15
486,11
486,80
486,23
486,40
486,12
486,41
486,22
486,47
487,78
487,15
487,34
487,23
487,4
487,11
487,46
487,44
487,52
487,22
488,15
488,80
488,11
488,72
488,44
488,47
489,83
489,15
489,11
489,51
489,12
489,23
489,80
489,41
489,60
489,35
490,76
490,28
490,59
490,53
490,30
490,81
490,19
490,44
490,28
490,60
491,70
491,73
491,17
491,59
491,80
491,57
491,50
491,44
491,47
491,62
492,70
492,15
492,59
492,80
492,12
492,50
492,58
492,44
492,47
492,35
493,70
493,15
493,4
493,80
493,12
493,23
493,57
493,44
493,47
493,52
494,27
494,31
494,53
494,10
494,59
494,34
494,11
494,44
494,52
494,47
495,70
495,31
495,53
495,24
495,30
495,11
495,51
495,41
495,47
495,52
496,70
496,15
496,80
496,12
496,17
496,51
496,34
496,41
496,52
496,52
497,75
497,31
497,80
497,11
497,30
497,3
497,53
497,43
497,47
497,71
498,78
498,28
498,34
498,63
498,4
498,12
498,53
498,44
498,52
498,60
499,83
499,15
499,45
499,0
499,53
499,82
499,59
499,41
499,47
499,52
500,27
500,31
500,16
500,4
500,12
500,49
500,23
500,41
500,47
500,22
501,83
501,73
501,53
501,4
501,20
501,16
501,12
501,44
501,47
501,35
502,38
502,15
502,53
502,10
502,30
502,23
502,11
502,44
502,47
502,52
503,27
503,73
503,16
503,23
503,4
503,46
503,12
503,42
503,22
503,52
504,75
504,73
504,53
504,72
504,4
504,81
504,20
504,41
504,47
504,62
505,70
505,31
505,5
505,12
505,34
505,17
505,4
505,44
505,47
505,28
506,29
506,15
506,23
506,17
506,49
506,5
506,74
506,44
506,47
506,52
507,83
507,15
507,53
507,80
507,4
507,49
507,42
507,47
507,35
508,27
508,28
508,80
508,30
508,17
508,51
508,81
508,44
508,47
508,60
509,76
509,73
509,80
509,23
509,57
509,17
509,59
509,43
509,47
509,52
510,27
510,15
510,51
510,18
510,80
510,11
510,12
510,44
510,47
510,67
511,70
511,73
511,34
511,4
511,49
511,50
511,24
511,44
511,47
511,64
512,76
512,28
512,17
512,12
512,23
512,11
512,45
512,44
512,47
512,52
513,27
513,31
513,53
513,17
513,12
513,80
513,49
513,42
513,47
513,28
514,70
514,28
514,7
514,53
514,30
514,23
514,20
514,42
514,47
514,35
515,75
515,15
515,30
515,51
515,34
515,81
515,16
515,41
515,47
515,62
516,70
516,15
516,30
516,23
516,53
516,11
516,68
516,41
516,47
516,52
517,70
517,15
517,50
517,18
517,53
517,12
517,72
517,41
517,47
517,52
518,15
518,12
518,34
518,49
518,44
518,47
518,52
519,27
519,73
519,40
519,23
519,11
519,56
519,50
519,44
519,47
519,22
520,70
520,73
520,57
520,12
520,50
520,20
520,23
520,42
520,47
520,22
521,83
521,15
521,80
521,53
521,23
521,44
521,47
521,52
522,75
522,31
522,72
522,80
522,11
522,23
522,19
522,43
522,47
522,64
523,77
523,28
523,46
523,23
523,12
523,53
523,49
523,41
523,28
523,60
524,75
524,28
524,12
524,50
524,23
524,43
524,47
524,22
525,70
525,15
525,17
525,59
525,63
525,23
525,11
525,44
525,47
525,28
526,84
526,73
526,59
526,80
526,11
526,12
526,7
526,42
526,47
526,22
527,84
527,28
527,30
527,54
527,53
527,12
527,1
527,44
527,47
527,64
528,70
528,73
528,53
528,17
528,42
528,47
528,64
529,70
529,15
529,17
529,23
529,44
529,47
530,76
530,73
530,23
530,34
530,4
530,49
530,46
530,44
530,47
530,22
531,29
531,15
531,53
531,80
531,11
531,10
531,49
531,41
531,47
531,52
532,83
532,15
532,10
532,53
532,49
532,56
532,11
532,44
532,47
532,52
533,70
533,73
533,12
533,17
533,53
533,34
533,24
533,44
533,52
533,47
534,38
534,31
534,23
534,4
534,12
534,65
534,40
534,41
534,52
534,64
535,83
535,15
535,23
535,80
535,51
535,11
535,69
535,44
535,35
535,35
536,70
536,28
536,12
536,34
536,80
536,23
536,20
536,41
536,47
536,22
537,77
537,73
537,53
537,57
537,72
537,12
537,66
537,44
537,47
537,60
538,38
538,28
538,26
538,13
538,53
538,63
538,18
538,44
538,47
538,52
539,70
539,15
539,80
539,17
539,23
539,56
539,4
539,44
539,47
539,52
540,83
540,15
540,53
540,23
540,57
540,16
540,44
540,47
540,35
541,70
541,28
541,12
541,46
541,11
541,50
541,44
541,47
542,70
542,73
542,34
542,12
542,44
542,47
542,22
543,70
543,73
543,17
543,23
543,46
543,16
543,10
543,42
543,47
543,52
544,77
544,15
544,23
544,72
544,81
544,41
544,47
544,52
545,76
545,15
545,80
545,59
545,11
545,23
545,17
545,44
545,47
545,60
546,78
546,15
546,80
546,12
546,17
546,11
546,44
546,47
546,60
547,84
547,15
547,80
547,17
547,23
547,44
547,47
548,77
548,31
548,80
548,57
548,4
548,12
548,20
548,42
548,47
548,52
549,27
549,73
549,11
549,4
549,51
549,49
549,58
549,44
549,47
549,60
550,70
550,15
550,34
550,40
550,23
550,80
550,11
550,44
550,47
550,22
551,83
551,73
551,20
551,58
551,80
551,81
551,44
551,47
551,52
552,27
552,73
552,80
552,12
552,34
552,49
552,46
552,44
552,47
552,60
553,70
553,15
553,34
553,46
553,80
553,49
553,44
553,47
553,22
554,70
554,15
554,4
554,23
554,20
554,41
554,47
554,35
555,83
555,15
555,30
555,5
555,67
555,44
555,47
555,52
556,83
556,15
556,80
556,4
556,2
556,13
556,10
556,41
556,47
556,52
557,70
557,73
557,72
557,68
557,56
557,24
557,45
557,44
557,62
557,47
558,70
558,15
558,17
558,80
558,23
558,11
558,44
558,47
559,83
559,73
559,53
559,81
559,30
559,41
559,47
559,52
560,70
560,73
560,12
560,4
560,30
560,80
560,66
560,42
560,35
560,62
561,70
561,15
561,81
561,24
561,53
561,49
561,12
561,41
561,35
561,52
562,75
562,31
562,34
562,12
562,46
562,63
562,11
562,44
562,60
562,47
563,70
563,73
563,53
563,5
563,25
563,49
563,53
563,44
563,47
563,22
564,75
564,73
564,17
564,80
564,11
564,51
564,23
564,44
564,47
564,52
565,70
565,15
565,30
565,80
565,20
565,44
565,47
566,70
566,73
566,17
566,12
566,23
566,44
566,47
567,70
567,15
567,4
567,46
567,59
567,51
567,32
567,44
567,35
567,47
568,27
568,15
568,53
568,4
568,3
568,23
568,80
568,44
568,47
568,35
569,84
569,15
569,17
569,81
569,10
569,72
569,30
569,44
569,60
569,35
570,84
570,15
570,34
570,50
570,11
570,80
570,46
570,44
571,83
571,15
571,17
571,41
571,47
572,75
572,73
572,12
572,59
572,49
572,44
572,47
572,22
573,70
573,73
573,53
573,30
573,49
573,23
573,81
573,44
573,47
573,64
574,70
574,73
574,53
574,17
574,11
574,18
574,50
574,41
574,47
574,22
575,27
575,73
575,11
575,30
575,80
575,10
575,51
575,41
575,47
575,52
576,83
576,15
576,49
576,12
576,53
576,44
576,60
576,35
577,77
577,15
577,80
577,12
577,4
577,81
577,40
577,44
577,22
577,35
578,70
578,73
578,53
578,81
578,40
578,57
578,23
578,42
578,47
578,35
579,70
579,73
579,59
579,23
579,80
579,46
579,17
579,44
579,47
579,28
580,70
580,73
580,53
580,11
580,4
580,17
580,56
580,44
580,47
580,22
581,38
581,15
581,59
581,34
581,51
581,1
581,59
581,42
581,22
581,22
582,70
582,73
582,80
582,2
582,53
582,49
582,34
582,44
582,47
582,22
583,70
583,15
583,3
583,9
583,23
583,80
583,32
583,41
583,47
583,60
584,70
584,73
584,59
584,2
584,39
584,50
584,4
584,44
584,47
584,22
585,27
585,73
585,12
585,23
585,34
585,49
585,80
585,44
585,47
585,52
586,70
586,73
586,17
586,49
586,11
586,12
586,80
586,44
586,47
586,71
587,83
587,15
587,45
587,30
587,23
587,44
587,47
587,35
588,70
588,31
588,34
588,46
588,12
588,59
588,17
588,44
588,47
588,52
589,83
589,15
589,20
589,23
589,10
589,56
589,81
589,44
589,47
589,35
590,70
590,15
590,53
590,11
590,57
590,23
590,80
590,44
590,47
590,52
591,70
591,73
591,80
591,11
591,34
591,46
591,53
591,41
591,47
591,60
592,29
592,31
592,24
592,81
592,11
592,72
592,4
592,42
592,71
592,64
593,84
593,73
593,80
593,34
593,46
593,12
593,49
593,44
593,47
593,22
594,70
594,73
594,80
594,23
594,12
594,53
594,49
594,42
594,47
595,70
595,73
595,53
595,44
595,60
595,47
596,29
596,31
596,80
596,12
596,49
596,5
596,2
596,44
596,47
597,27
597,15
597,30
597,53
597,23
597,72
597,74
597,44
597,52
597,47
598,70
598,15
598,10
598,34
598,51
598,12
598,4
598,44
598,47
599,27
599,28
599,23
599,11
599,9
599,54
599,50
599,44
599,47
599,35
600,75
600,15
600,23
600,17
600,80
600,49
600,74
600,41
600,47
601,84
601,73
601,80
601,53
601,12
601,68
601,57
601,44
601,47
601,60
602,84
602,15
602,2
602,4
602,41
602,47
602,52
603,83
603,15
603,59
603,30
603,80
603,57
603,5
603,44
603,47
603,22
604,76
604,15
604,30
604,12
604,17
604,51
604,59
604,41
604,47
604,22
605,70
605,15
605,81
605,4
605,33
605,53
605,42
605,47
605,52
606,70
606,28
606,53
606,17
606,12
606,34
606,4
606,42
606,47
606,22
607,70
607,73
607,80
607,17
607,49
607,5
607,10
607,44
607,47
607,22
608,84
608,73
608,34
608,46
608,80
608,63
608,49
608,44
608,22
608,35
609,78
609,73
609,80
609,46
609,10
609,49
609,58
609,42
609,52
609,60
610,84
610,15
610,40
610,24
610,55
610,21
610,41
610,47
610,52
611,84
611,15
611,30
611,10
611,53
611,7
611,11
611,41
611,47
611,35
612,70
612,73
612,17
612,23
612,11
612,12
612,5
612,42
612,47
612,60
613,38
613,73
613,9
613,23
613,81
613,11
613,44
613,47
614,73
614,59
614,80
614,11
614,50
614,17
614,42
614,47
615,76
615,15
615,23
615,11
615,56
615,12
615,39
615,41
615,47
615,52
616,84
616,15
616,23
616,4
616,12
616,68
616,54
616,42
616,47
616,52
617,84
617,73
617,53
617,12
617,41
617,47
617,22
618,70
618,15
618,53
618,34
618,80
618,11
618,10
618,41
618,47
618,22
619,77
619,73
619,17
619,34
619,12
619,80
619,46
619,44
619,47
619,52
620,70
620,73
620,59
620,46
620,24
620,49
620,54
620,44
620,52
620,47
621,70
621,15
621,53
621,10
621,3
621,51
621,53
621,41
621,60
621,52
622,78
622,15
622,34
622,12
622,16
622,45
622,40
622,41
622,64
622,47
623,27
623,15
623,53
623,30
623,80
623,44
623,22
623,47
624,76
624,73
624,34
624,17
624,20
624,49
624,44
624,28
624,22
625,29
625,15
625,80
625,30
625,72
625,10
625,41
625,47
625,52
626,83
626,31
626,53
626,11
626,4
626,49
626,41
626,52
626,47
627,70
627,73
627,80
627,17
627,23
627,50
627,11
627,44
627,22
627,47
628,70
628,73
628,23
628,12
628,40
628,34
628,30
628,44
628,47
628,22
629,84
629,15
629,53
629,17
629,80
629,23
629,10
629,41
629,47
629,52
630,70
630,15
630,53
630,80
630,11
630,41
630,47
630,60
631,29
631,28
631,53
631,20
631,11
631,17
631,80
631,44
631,47
631,22
632,27
632,15
632,17
632,12
632,20
632,3
632,39
632,44
632,47
632,60
633,77
633,15
633,7
633,3
633,81
633,74
633,51
633,44
633,35
633,47
634,78
634,73
634,80
634,12
634,49
634,44
634,47
634,52
635,15
635,57
635,80
635,53
635,80
635,44
635,22
635,64
636,70
636,15
636,23
636,80
636,17
636,5
636,24
636,44
636,47
636,47
637,27
637,31
637,12
637,17
637,20
637,34
637,18
637,41
637,28
637,47
638,83
638,15
638,46
638,12
638,10
638,41
638,47
638,64
639,31
639,1
639,81
639,24
639,20
639,44
639,62
639,35
640,75
640,28
640,3
640,30
640,80
640,4
640,11
640,42
640,64
640,62
641,27
641,31
641,80
641,11
641,12
641,40
641,10
641,41
641,47
641,22
642,38
642,73
642,81
642,82
642,24
642,20
642,5
642,44
642,47
643,27
643,15
643,23
643,53
643,4
643,72
643,11
643,44
643,35
643,60
644,76
644,15
644,7
644,3
644,23
644,59
644,10
644,42
644,52
644,28
645,76
645,15
645,65
645,20
645,42
645,28
645,64
646,76
646,73
646,59
646,34
646,16
646,12
646,11
646,44
646,47
646,22
647,84
647,15
647,20
647,80
647,53
647,11
647,72
647,41
647,47
647,35
648,70
648,73
648,80
648,13
648,72
648,34
648,11
648,41
648,60
648,35
649,70
649,15
649,53
649,44
649,47
649,52
650,84
650,28
650,4
650,45
650,24
650,53
650,82
650,44
650,35
650,22
651,70
651,73
651,4
651,11
651,44
651,47
651,22
652,78
652,73
652,80
652,59
652,50
652,44
652,47
652,62
653,70
653,28
653,59
653,11
653,50
653,80
653,10
653,44
653,47
653,60
654,27
654,73
654,2
654,13
654,3
654,13
654,16
654,42
654,71
654,71
655,70
655,15
655,40
655,23
655,80
655,44
655,47
655,52
656,83
656,15
656,30
656,72
656,81
656,18
656,53
656,41
656,52
656,35
657,70
657,73
657,20
657,12
657,80
657,23
657,11
657,44
657,47
657,52
658,38
658,28
658,40
658,16
658,4
658,23
658,12
658,41
658,28
658,47
659,83
659,15
659,80
659,59
659,30
659,4
659,17
659,41
659,47
659,52
660,27
660,15
660,80
660,53
660,4
660,44
660,47
660,52
661,70
661,31
661,53
661,16
661,11
661,34
661,12
661,44
661,47
661,35
662,84
662,73
662,30
662,23
662,51
662,17
662,50
662,41
662,47
662,62
663,84
663,73
663,53
663,12
663,34
663,50
663,20
663,44
663,52
663,60
664,70
664,31
664,53
664,12
664,56
664,41
664,35
664,52
665,70
665,15
665,23
665,34
665,46
665,56
665,81
665,41
665,47
665,22
666,77
666,73
666,34
666,53
666,80
666,4
666,51
666,44
666,22
666,60
667,27
667,28
667,59
667,17
667,23
667,12
667,49
667,44
667,47
667,60
668,70
668,28
668,12
668,63
668,50
668,10
668,34
668,44
668,47
668,28
669,70
669,73
669,59
669,46
669,34
669,17
669,12
669,44
669,47
669,22
670,38
670,15
670,80
670,11
670,16
670,30
670,57
670,44
670,47
670,60
671,27
671,73
671,80
671,66
671,56
671,10
671,11
671,44
671,52
671,60
672,70
672,31
672,53
672,23
672,4
672,12
672,11
672,42
672,60
672,52
673,84
673,73
673,80
673,34
673,12
673,74
673,11
673,44
673,22
673,47
674,84
674,15
674,48
674,16
674,4
674,43
674,35
674,60
675,70
675,15
675,80
675,53
675,17
675,46
675,51
675,44
675,47
675,60
676,15
676,48
676,45
676,24
676,21
676,82
676,44
676,47
676,35
677,83
677,73
677,40
677,12
677,34
677,11
677,59
677,44
677,28
677,22
678,38
678,73
678,10
678,53
678,23
678,59
678,13
678,41
678,60
678,47
679,29
679,73
679,51
679,59
679,30
679,16
679,4
679,42
679,47
679,52
680,70
680,15
680,34
680,65
680,41
680,47
680,52
681,27
681,31
681,17
681,23
681,49
681,11
681,10
681,41
681,47
681,62
682,76
682,15
682,2
682,80
682,57
682,23
682,30
682,41
682,47
682,64
683,70
683,15
683,34
683,11
683,80
683,10
683,63
683,44
683,47
683,22
684,83
684,15
684,30
684,17
684,51
684,23
684,81
684,44
684,47
684,35
685,70
685,73
685,34
685,12
685,23
685,46
685,4
685,44
685,47
685,28
686,27
686,73
686,53
686,80
686,11
686,23
686,51
686,41
686,47
686,64
687,38
687,15
687,59
687,50
687,49
687,41
687,47
688,70
688,31
688,80
688,65
688,53
688,49
688,10
688,41
688,47
688,52
689,70
689,73
689,59
689,51
689,53
689,23
689,17
689,44
689,47
689,52
690,84
690,31
690,12
690,46
690,80
690,10
690,81
690,41
690,47
690,35
691,75
691,73
691,53
691,80
691,11
691,49
691,44
691,47
691,52
692,70
692,73
692,53
692,17
692,12
692,44
692,47
692,35
693,70
693,15
693,23
693,4
693,12
693,10
693,30
693,44
693,47
693,35
694,75
694,73
694,51
694,12
694,20
694,23
694,74
694,44
694,52
694,64
695,15
695,10
695,24
695,30
695,4
695,68
695,41
695,35
695,62
696,27
696,15
696,12
696,16
696,51
696,44
696,47
696,52
697,27
697,28
697,53
697,10
697,49
697,68
697,44
697,47
697,60
698,83
698,73
698,23
698,80
698,17
698,40
698,53
698,42
698,47
698,35
699,77
699,15
699,34
699,12
699,16
699,41
699,47
699,52
700,70
700,73
700,9
700,23
700,80
700,11
700,44
700,47
701,77
701,73
701,59
701,1
701,57
701,30
701,17
701,44
701,47
701,28
702,77
702,31
702,23
702,34
702,20
702,12
702,17
702,44
702,22
702,47
703,70
703,73
703,53
703,72
703,54
703,10
703,12
703,44
703,47
703,52
704,70
704,31
704,53
704,12
704,59
704,23
704,56
704,44
704,47
704,62
705,27
705,31
705,3
705,72
705,23
705,30
705,12
705,43
705,62
705,67
706,38
706,73
706,20
706,40
706,23
706,11
706,58
706,44
706,52
706,64
707,70
707,73
707,23
707,17
707,12
707,44
707,47
708,76
708,31
708,34
708,53
708,63
708,65
708,17
708,42
708,47
708,28
709,70
709,15
709,8
709,3
709,20
709,4
709,54
709,44
709,47
710,29
710,15
710,30
710,4
710,5
710,65
710,81
710,41
710,47
710,22
711,29
711,73
711,4
711,16
711,17
711,5
711,30
711,44
711,60
711,62
712,70
712,73
712,34
712,12
712,46
712,59
712,41
712,47
712,62
713,84
713,73
713,23
713,53
713,11
713,80
713,10
713,44
713,47
713,60
714,70
714,31
714,23
714,59
714,10
714,4
714,80
714,44
714,47
714,28
715,76
715,73
715,82
715,23
715,24
715,82
715,56
715,44
715,35
715,60
716,77
716,28
716,12
716,23
716,80
716,17
716,4
716,44
716,47
716,52
717,38
717,73
717,53
717,5
717,4
717,72
717,23
717,41
717,47
717,52
718,78
718,73
718,9
718,23
718,49
718,80
718,44
718,22
718,47
719,70
719,15
719,46
719,11
719,49
719,23
719,44
719,47
720,75
720,15
720,3
720,72
720,11
720,2
720,33
720,41
720,64
720,47
721,70
721,73
721,3
721,23
721,49
721,80
721,12
721,44
721,35
721,60
722,29
722,15
722,14
722,42
723,38
723,28
723,53
723,49
723,45
723,10
723,56
723,41
723,47
723,28
724,70
724,73
724,34
724,4
724,12
724,51
724,49
724,44
724,47
724,64
725,83
725,15
725,12
725,11
725,16
725,53
725,10
725,44
725,47
725,60
726,84
726,28
726,21
726,45
726,20
726,41
726,28
726,35
727,73
727,53
727,20
727,65
727,18
727,69
727,43
727,47
727,35
728,70
728,31
728,23
728,57
728,20
728,80
728,34
728,42
728,47
729,77
729,15
729,20
729,49
729,74
729,23
729,4
729,42
729,62
729,35
730,78
730,31
730,72
730,81
730,23
730,4
730,41
730,47
730,60
731,75
731,28
731,18
731,30
731,80
731,12
731,34
731,44
731,47
731,60
732,70
732,28
732,34
732,53
732,12
732,20
732,40
732,41
732,47
732,22
733,27
733,15
733,53
733,12
733,23
733,10
733,11
733,44
733,47
733,60
734,27
734,28
734,34
734,49
734,50
734,80
734,4
734,41
734,47
734,60
735,27
735,15
735,53
735,50
735,56
735,65
735,4
735,43
735,60
735,47
736,76
736,73
736,12
736,34
736,17
736,23
736,72
736,41
736,47
736,28
737,77
737,28
737,12
737,40
737,34
737,53
737,18
737,41
737,47
737,28
738,27
738,15
738,17
738,11
738,44
738,47
738,22
739,70
739,15
739,53
739,80
739,72
739,9
739,17
739,41
739,47
739,22
740,70
740,73
740,57
740,53
740,42
740,35
740,52
741,38
741,31
741,23
741,46
741,81
741,53
741,49
741,41
741,47
741,52
742,76
742,15
742,17
742,50
742,23
742,46
742,57
742,44
742,47
742,60
743,70
743,73
743,34
743,23
743,63
743,49
743,59
743,44
743,35
743,28
744,83
744,15
744,11
744,72
744,51
744,68
744,3
744,41
744,60
744,35
745,70
745,73
745,23
745,30
745,16
745,80
745,53
745,41
745,47
745,62
746,76
746,28
746,34
746,80
746,44
746,47
746,22
747,70
747,15
747,30
747,11
747,50
747,51
747,18
747,41
747,47
747,71
748,70
748,15
748,59
748,23
748,46
748,80
748,49
748,41
748,47
748,52
749,83
749,31
749,37
749,61
749,18
749,6
749,26
749,42
749,47
749,35
750,38
750,31
750,24
750,53
750,40
750,11
750,46
750,44
750,47
750,60
751,70
751,73
751,53
751,34
751,23
751,80
751,16
751,42
751,47
751,22
752,83
752,15
752,46
752,12
752,53
752,80
752,17
752,44
752,47
752,22
753,84
753,15
753,20
753,1
753,53
753,12
753,34
753,44
753,47
753,52
754,70
754,15
754,51
754,5
754,30
754,81
754,72
754,41
754,47
754,22
755,27
755,73
755,20
755,53
755,66
755,12
755,80
755,41
755,47
755,35
756,70
756,73
756,34
756,12
756,63
756,59
756,17
756,44
756,47
756,47
757,83
757,15
757,30
757,23
757,4
757,81
757,49
757,44
757,47
757,52
758,70
758,15
758,17
758,23
758,80
758,49
758,17
758,44
758,47
759,77
759,31
759,17
759,10
759,49
759,23
759,44
759,35
760,70
760,31
760,80
760,2
760,1
760,24
760,5
760,41
760,47
760,62
761,84
761,73
761,80
761,81
761,12
761,4
761,50
761,44
761,62
761,71
762,84
762,28
762,53
762,51
762,12
762,11
762,49
762,44
762,47
762,22
763,70
763,31
763,20
763,59
763,51
763,12
763,81
763,44
763,47
763,22
764,83
764,15
764,30
764,11
764,2
764,66
764,3
764,41
764,35
764,67
765,70
765,15
765,12
765,53
765,57
765,23
765,80
765,41
765,22
765,47
766,70
766,73
766,53
766,34
766,80
766,23
766,5
766,44
766,47
766,35
767,70
767,31
767,40
767,12
767,11
767,34
767,1
767,41
767,67
767,62
768,70
768,28
768,30
768,12
768,72
768,42
768,35
768,52
769,77
769,15
769,34
769,2
769,68
769,44
769,47
769,35
770,70
770,15
770,17
770,12
770,41
770,47
770,22
771,83
771,15
771,12
771,40
771,80
771,11
771,23
771,44
771,47
771,52
772,70
772,15
772,53
772,4
772,49
772,13
772,4
772,41
772,35
772,62
773,84
773,31
773,4
773,12
773,34
773,50
773,20
773,44
773,47
773,22
774,70
774,73
774,23
774,34
774,50
774,20
774,40
774,44
774,47
774,52
775,70
775,31
775,16
775,4
775,12
775,56
775,50
775,44
775,35
775,52
776,78
776,31
776,1
776,9
776,41
776,47
776,60
777,70
777,15
777,59
777,16
777,12
777,49
777,1
777,41
777,47
777,52
778,70
778,73
778,80
778,46
778,19
778,17
778,49
778,41
778,47
778,52
779,70
779,73
779,80
779,49
779,17
779,23
779,44
779,47
779,47
780,27
780,73
780,80
780,4
780,12
780,11
780,41
780,47
780,60
781,70
781,15
781,16
781,11
781,5
781,12
781,41
781,47
781,52
782,70
782,73
782,17
782,41
782,47
782,60
783,27
783,15
783,57
783,23
783,40
783,56
783,80
783,44
783,60
783,35
784,70
784,28
784,80
784,46
784,12
784,40
784,30
784,44
784,47
784,60
785,70
785,15
785,80
785,11
785,59
785,46
785,12
785,41
785,47
785,60
786,83
786,15
786,23
786,81
786,10
786,49
786,44
786,47
786,52
787,70
787,31
787,30
787,11
787,23
787,53
787,18
787,42
787,60
787,28
788,29
788,73
788,59
788,80
788,12
788,41
788,60
788,52
789,70
789,31
789,17
789,12
789,49
789,80
789,23
789,41
789,47
789,52
790,83
790,15
790,68
790,6
790,61
790,41
791,70
791,73
791,9
791,23
791,11
791,80
791,55
791,44
791,47
791,60
792,70
792,31
792,53
792,12
792,49
792,10
792,65
792,41
792,60
792,52
793,75
793,15
793,23
793,17
793,10
793,44
793,47
794,70
794,15
794,53
794,11
794,12
794,65
794,49
794,41
794,47
794,64
795,77
795,31
795,4
795,80
795,11
795,80
795,7
795,44
795,52
795,22
796,70
796,15
796,80
796,17
796,49
796,57
796,12
796,41
796,47
796,22
797,27
797,15
797,17
797,11
797,23
797,44
797,52
797,60
798,70
798,15
798,53
798,23
798,4
798,10
798,80
798,44
798,47
798,35
799,70
799,31
799,34
799,51
799,5
799,58
799,11
799,44
799,47
799,67
800,70
800,15
800,18
800,4
800,21
800,72
800,44
800,47
800,35
801,83
801,15
801,80
801,53
801,12
801,44
801,47
801,52
802,27
802,73
802,16
802,10
802,4
802,80
802,11
802,41
802,60
802,28
803,70
803,15
803,12
803,50
803,0
803,11
803,30
803,44
803,47
803,35
804,29
804,73
804,53
804,41
804,60
804,47
805,70
805,15
805,53
805,12
805,11
805,80
805,3
805,44
805,47
805,52
806,29
806,31
806,81
806,34
806,46
806,74
806,12
806,43
806,47
806,52
807,29
807,73
807,34
807,12
807,46
807,11
807,80
807,41
807,47
807,22
808,70
808,15
808,53
808,4
808,44
808,47
809,83
809,73
809,80
809,16
809,53
809,81
809,30
809,41
809,35
809,60
810,83
810,31
810,59
810,23
810,4
810,50
810,49
810,43
810,71
810,62
811,70
811,15
811,7
811,80
811,11
811,10
811,72
811,41
811,47
812,70
812,15
812,23
812,80
812,12
812,20
812,49
812,41
812,47
812,22
813,27
813,73
813,17
813,11
813,50
813,12
813,23
813,41
813,47
813,62
814,76
814,73
814,16
814,12
814,4
814,41
814,47
815,83
815,15
815,12
815,81
815,11
815,51
815,40
815,44
815,47
815,35
816,29
816,31
816,34
816,81
816,10
816,12
816,55
816,43
816,52
816,71
817,70
817,73
817,12
817,34
817,11
817,40
817,23
817,44
817,22
817,47
818,70
818,73
818,34
818,20
818,69
818,23
818,49
818,44
818,47
818,28
819,29
819,15
819,58
819,30
819,11
819,49
819,4
819,41
819,47
819,64
820,77
820,28
820,53
820,69
820,46
820,68
820,11
820,41
820,35
820,47
821,29
821,15
821,3
821,10
821,80
821,30
821,49
821,44
821,47
821,62
822,70
822,73
822,11
822,17
822,51
822,34
822,82
822,41
822,28
822,22
823,27
823,15
823,53
823,23
823,80
823,12
823,17
823,44
823,47
823,64
824,70
824,31
824,20
824,12
824,17
824,23
824,59
824,41
824,47
824,28
825,70
825,73
825,53
825,80
825,23
825,30
825,51
825,41
825,47
825,52
826,76
826,15
826,10
826,40
826,12
826,4
826,49
826,44
826,52
826,62
827,70
827,73
827,23
827,17
827,49
827,80
827,4
827,44
827,47
827,60
828,27
828,73
828,80
828,17
828,10
828,68
828,23
828,44
828,47
828,22
829,70
829,15
829,12
829,20
829,5
829,55
829,65
829,42
829,47
829,62
830,84
830,31
830,34
830,17
830,80
830,11
830,49
830,44
830,47
830,22
831,27
831,73
831,53
831,59
831,72
831,12
831,81
831,44
831,62
831,35
832,38
832,73
832,53
832,10
832,80
832,68
832,69
832,44
832,47
832,52
833,84
833,15
833,17
833,12
833,59
833,46
833,34
833,41
833,47
833,52
834,70
834,73
834,49
834,23
834,53
834,17
834,10
834,44
834,47
834,28
835,70
835,15
835,53
835,30
835,80
835,12
835,49
835,42
835,47
835,22
836,70
836,73
836,53
836,46
836,51
836,12
836,34
836,44
836,52
836,62
837,70
837,28
837,4
837,23
837,12
837,17
837,56
837,44
837,52
837,22
838,83
838,73
838,12
838,34
838,49
838,10
838,81
838,41
838,35
838,47
839,70
839,28
839,12
839,57
839,30
839,44
839,47
839,52
840,27
840,15
840,53
840,80
840,63
840,11
840,12
840,41
840,28
840,60
841,83
841,15
841,2
841,44
841,47
841,52
842,77
842,73
842,53
842,12
842,51
842,81
842,24
842,44
842,22
842,47
843,84
843,73
843,17
843,23
843,50
843,30
843,11
843,44
843,47
843,35
844,70
844,15
844,30
844,17
844,53
844,40
844,10
844,41
844,64
844,52
845,38
845,28
845,17
845,12
845,59
845,63
845,18
845,44
845,47
845,60
846,70
846,15
846,20
846,23
846,12
846,11
846,44
846,47
846,64
847,70
847,15
847,53
847,49
847,5
847,30
847,57
847,44
847,47
848,83
848,15
848,48
848,45
848,41
848,35
849,38
849,73
849,53
849,32
849,11
849,12
849,34
849,44
849,22
849,35
850,27
850,28
850,12
850,17
850,11
850,80
850,63
850,44
850,47
850,22
851,75
851,28
851,59
851,11
851,16
851,69
851,37
851,41
851,71
851,62
852,76
852,15
852,34
852,30
852,74
852,49
852,41
852,47
852,22
853,76
853,73
853,12
853,20
853,81
853,30
853,11
853,41
853,47
853,52
854,70
854,15
854,53
854,11
854,23
854,12
854,51
854,44
854,47
854,28
855,73
855,30
855,12
855,46
855,44
855,47
855,52
856,15
856,49
856,80
856,40
856,23
856,59
856,44
856,47
856,60
857,70
857,15
857,34
857,12
857,10
857,49
857,11
857,41
857,22
858,75
858,15
858,49
858,17
858,11
858,80
858,23
858,41
858,47
858,52
859,70
859,73
859,17
859,40
859,49
859,32
859,46
859,44
859,22
859,47
860,77
860,73
860,81
860,34
860,23
860,72
860,49
860,44
860,52
860,47
861,29
861,15
861,12
861,50
861,30
861,10
861,20
861,44
861,52
861,22
862,76
862,15
862,23
862,11
862,16
862,51
862,46
862,41
863,84
863,73
863,53
863,4
863,11
863,80
863,12
863,44
863,47
863,60
864,70
864,73
864,17
864,23
864,23
864,49
864,44
864,47
864,22
865,38
865,73
865,57
865,11
865,53
865,82
865,23
865,41
865,60
865,47
866,84
866,15
866,17
866,4
866,11
866,10
866,8
866,42
866,47
866,52
867,70
867,15
867,80
867,17
867,53
867,41
867,47
867,52
868,70
868,73
868,16
868,12
868,44
868,47
869,70
869,73
869,53
869,42
869,28
870,29
870,73
870,5
870,49
870,16
870,40
870,9
870,41
870,47
870,60
871,29
871,73
871,7
871,3
871,67
871,79
871,6
871,42
871,62
871,35
872,83
872,15
872,30
872,4
872,16
872,33
872,81
872,43
873,83
873,73
873,59
873,32
873,80
873,51
873,50
873,41
873,47
874,29
874,73
874,53
874,2
874,51
874,11
874,24
874,41
874,47
875,15
875,23
875,4
875,11
875,5
875,44
875,60
875,52
876,27
876,28
876,59
876,53
876,12
876,51
876,17
876,44
876,22
876,47
877,70
877,73
877,49
877,63
877,80
877,17
877,23
877,44
877,47
877,28
878,29
878,15
878,72
878,81
878,44
878,47
879,70
879,73
879,34
879,80
879,46
879,12
879,11
879,44
879,47
879,22
880,70
880,15
880,23
880,17
880,44
880,47
881,70
881,28
881,53
881,80
881,23
881,49
881,11
881,44
881,47
881,28
882,29
882,15
882,17
882,23
882,11
882,49
882,41
882,47
882,47
883,70
883,73
883,80
883,11
883,51
883,23
883,68
883,44
883,47
883,35
884,76
884,31
884,59
884,17
884,11
884,50
884,39
884,44
884,28
884,22
885,75
885,15
885,30
885,12
885,53
885,11
885,4
885,43
885,47
885,52
886,77
886,73
886,80
886,12
886,34
886,46
886,49
886,44
886,47
886,22
887,77
887,15
887,17
887,59
887,11
887,51
887,12
887,41
887,47
887,52
888,83
888,15
888,11
888,12
888,40
888,59
888,23
888,44
888,52
888,35
889,77
889,28
889,59
889,53
889,12
889,46
889,45
889,44
889,52
889,60
890,15
890,53
890,80
890,10
890,39
890,72
890,42
890,47
890,52
891,70
891,73
891,12
891,10
891,59
891,23
891,49
891,44
891,47
891,22
892,38
892,73
892,5
892,53
892,72
892,20
892,81
892,43
892,47
892,52
893,70
893,73
893,59
893,23
893,11
893,12
893,81
893,44
893,52
893,28
894,70
894,73
894,53
894,80
894,30
894,49
894,12
894,44
894,47
894,60
895,70
895,28
895,68
895,12
895,34
895,30
895,11
895,44
895,47
895,52
896,27
896,31
896,53
896,17
896,23
896,81
896,12
896,41
896,47
896,64
897,29
897,73
897,46
897,80
897,17
897,5
897,44
897,64
897,47
898,83
898,15
898,19
898,25
898,39
898,10
898,40
898,42
898,47
898,52
899,84
899,73
899,30
899,11
899,10
899,79
899,49
899,41
899,47
899,35
900,70
900,31
900,23
900,57
900,81
900,20
900,40
900,41
900,47
900,52
901,83
901,28
901,74
901,56
901,5
901,10
901,30
901,43
901,47
901,60
902,77
902,73
902,59
902,80
902,12
902,17
902,51
902,44
902,52
902,47
903,70
903,73
903,30
903,18
903,5
903,4
903,10
903,44
903,47
903,62
904,70
904,73
904,80
904,11
904,4
904,10
904,9
904,44
904,47
904,52
905,84
905,31
905,5
905,40
905,65
905,49
905,23
905,44
905,47
905,22
906,70
906,15
906,34
906,46
906,50
906,4
906,49
906,41
906,47
906,22
907,77
907,73
907,20
907,53
907,30
907,12
907,40
907,42
907,47
907,52
908,27
908,73
908,17
908,12
908,4
908,34
908,40
908,44
908,47
908,52
909,27
909,73
909,80
909,59
909,23
909,11
909,50
909,41
909,47
909,52
910,38
910,15
910,53
910,80
910,11
910,16
910,17
910,44
910,47
910,52
911,83
911,73
911,5
911,80
911,30
911,53
911,12
911,44
911,47
911,22
912,73
912,23
912,12
912,40
912,11
912,10
912,44
912,47
912,22
913,70
913,73
913,40
913,81
913,25
913,11
913,42
913,47
913,28
914,83
914,15
914,59
914,80
914,11
914,12
914,44
914,47
914,52
915,83
915,28
915,23
915,34
915,12
915,74
915,46
915,41
915,22
915,60
916,83
916,73
916,80
916,59
916,12
916,46
916,63
916,44
916,47
916,28
917,27
917,31
917,23
917,80
917,51
917,18
917,25
917,41
917,47
917,71
918,78
918,73
918,12
918,50
918,20
918,46
918,53
918,44
918,47
918,52
919,84
919,73
919,16
919,12
919,33
919,10
919,72
919,44
919,52
919,64
920,70
920,73
920,30
920,11
920,53
920,44
920,47
920,62
921,70
921,15
921,59
921,17
921,46
921,5
921,74
921,41
921,47
921,52
922,27
922,15
922,53
922,11
922,23
922,10
922,72
922,44
922,47
922,35
923,27
923,31
923,10
923,53
923,49
923,80
923,4
923,44
923,35
923,62
924,76
924,15
924,59
924,80
924,12
924,17
924,34
924,41
924,47
924,52
925,29
925,31
925,34
925,16
925,30
925,23
925,4
925,41
925,47
925,35
926,77
926,28
926,4
926,16
926,23
926,51
926,5
926,41
926,47
927,70
927,31
927,17
927,65
927,80
927,46
927,20
927,44
927,47
927,22
928,77
928,73
928,40
928,23
928,12
928,49
928,44
928,47
928,64
929,77
929,73
929,53
929,46
929,80
929,12
929,17
929,44
929,28
929,22
930,27
930,15
930,53
930,68
930,23
930,80
930,11
930,41
930,47
930,52
931,83
931,28
931,12
931,40
931,82
931,34
931,80
931,44
931,28
931,22
932,70
932,15
932,53
932,12
932,49
932,23
932,30
932,44
932,47
932,28
933,27
933,73
933,53
933,80
933,11
933,33
933,34
933,44
933,47
933,22
934,70
934,31
934,11
934,18
934,59
934,44
934,35
934,47
935,83
935,31
935,4
935,50
935,65
935,24
935,49
935,41
935,47
935,52
936,76
936,73
936,20
936,23
936,11
936,80
936,12
936,44
936,47
936,64
937,83
937,73
937,12
937,17
937,56
937,23
937,80
937,44
937,47
937,22
938,70
938,31
938,80
938,11
938,12
938,50
938,59
938,44
938,28
938,35
939,38
939,15
939,53
939,30
939,11
939,4
939,10
939,41
939,47
939,64
940,83
940,15
940,8
940,30
940,80
940,53
940,23
940,44
940,47
940,35
941,75
941,73
941,23
941,7
941,20
941,30
941,23
941,44
941,35
941,28
942,70
942,15
942,12
942,40
942,59
942,80
942,34
942,44
942,47
942,52
943,75
943,73
943,16
943,80
943,23
943,2
943,33
943,44
944,70
944,15
944,57
944,59
944,53
944,17
944,49
944,42
944,47
944,52
945,76
945,73
945,46
945,80
945,17
945,59
945,24
945,44
945,47
945,22
946,70
946,15
946,17
946,80
946,80
946,41
946,47
946,47
947,27
947,73
947,53
947,80
947,12
947,44
947,47
947,52
948,78
948,28
948,33
948,2
948,3
948,13
948,34
948,42
948,52
948,47
949,70
949,73
949,11
949,34
949,80
949,9
949,46
949,44
949,22
949,28
950,27
950,73
950,20
950,24
950,45
950,66
950,44
950,47
950,62
951,29
951,15
951,53
951,23
951,4
951,34
951,12
951,44
951,47
951,64
952,75
952,15
952,53
952,80
952,12
952,18
952,20
952,44
952,47
952,35
953,27
953,31
953,10
953,3
953,80
953,4
953,11
953,41
953,35
953,62
954,27
954,73
954,16
954,46
954,18
954,44
954,47
954,22
955,78
955,73
955,53
955,11
955,23
955,49
955,25
955,44
955,47
955,28
956,77
956,28
956,80
956,51
956,34
956,49
956,50
956,44
956,52
956,47
957,70
957,28
957,12
957,80
957,23
957,49
957,46
957,41
957,47
957,28
958,29
958,15
958,57
958,11
958,81
958,80
958,30
958,41
958,52
958,28
959,83
959,31
959,53
959,11
959,30
959,81
959,24
959,41
959,62
959,60
960,76
960,73
960,34
960,12
960,46
960,59
960,11
960,41
960,22
960,47
961,29
961,15
961,51
961,30
961,53
961,57
961,11
961,44
961,60
961,47
962,75
962,73
962,4
962,57
962,54
962,17
962,46
962,44
962,28
962,22
963,70
963,28
963,34
963,11
963,46
963,20
963,80
963,41
963,47
963,22
964,27
964,15
964,11
964,49
964,44
964,60
964,35
965,70
965,73
965,12
965,17
965,30
965,80
965,39
965,41
965,47
965,22
966,70
966,15
966,46
966,40
966,59
966,23
966,12
966,42
966,47
967,27
967,73
967,23
967,53
967,80
967,11
967,46
967,44
967,47
967,60
968,70
968,15
968,12
968,46
968,49
968,44
968,47
968,35
969,83
969,15
969,23
969,30
969,53
969,11
969,12
969,44
969,28
969,22
970,75
970,28
970,11
970,17
970,12
970,44
970,47
971,29
971,15
971,37
971,36
971,5
971,82
971,55
971,43
971,64
971,71
972,27
972,31
972,16
972,17
972,12
972,4
972,80
972,44
972,47
972,22
973,76
973,73
973,46
973,58
973,9
973,81
973,11
973,41
973,47
973,22
974,70
974,73
974,59
974,80
974,49
974,18
974,11
974,44
974,28
974,64
975,70
975,28
975,40
975,11
975,12
975,50
975,56
975,41
975,47
975,52
976,70
976,15
976,53
976,80
976,4
976,44
976,47
977,27
977,73
977,12
977,11
977,53
977,30
977,49
977,41
977,35
977,62
978,70
978,73
978,12
978,59
978,17
978,23
978,50
978,44
978,22
978,47
979,84
979,15
979,30
979,53
979,4
979,11
979,23
979,42
979,35
979,47
980,70
980,15
980,30
980,17
980,51
980,4
980,12
980,41
980,47
980,52
981,70
981,15
981,80
981,4
981,46
981,17
981,25
981,41
981,47
981,52
982,27
982,15
982,11
982,80
982,30
982,2
982,49
982,44
982,47
982,22
983,70
983,15
983,57
983,18
983,11
983,34
983,65
983,44
983,47
983,52
984,83
984,15
984,72
984,24
984,81
984,12
984,5
984,44
984,47
984,52
985,70
985,15
985,80
985,17
985,7
985,53
985,50
985,44
985,47
985,22
986,27
986,73
986,53
986,23
986,23
986,12
986,51
986,42
986,52
986,62
987,27
987,15
987,12
987,4
987,4
987,19
987,13
987,44
987,60
987,47
988,70
988,73
988,12
988,68
988,11
988,17
988,34
988,44
988,47
988,47
989,83
989,31
989,18
989,5
989,20
989,25
989,10
989,41
989,47
989,22
990,38
990,73
990,53
990,20
990,10
990,69
990,72
990,43
990,47
990,52
991,76
991,28
991,17
991,80
991,59
991,50
991,1
991,44
991,47
991,22
992,38
992,31
992,23
992,53
992,57
992,80
992,12
992,44
992,52
992,60
993,38
993,15
993,4
993,53
993,42
993,47
994,76
994,15
994,59
994,23
994,11
994,80
994,40
994,44
994,52
994,47
995,76
995,73
995,53
995,19
995,80
995,23
995,34
995,44
995,47
995,52
996,76
996,15
996,59
996,17
996,12
996,24
996,49
996,44
996,47
996,22
997,84
997,73
997,80
997,23
997,53
997,3
997,5
997,44
997,35
997,52
998,38
998,31
998,34
998,20
998,5
998,46
998,12
998,41
998,52
998,47
999,70
999,15
999,11
999,80
999,46
999,4
999,49
999,44
999,47
999,52
1000,84
1000,73
1000,12
1000,17
1000,40
1000,34
1000,20
1000,41
1000,47
1000,60
1001,76
1001,28
1001,53
1001,80
1001,66
1001,59
1001,51
1001,44
1001,47
1001,52
1002,77
1002,73
1002,53
1002,12
1002,4
1002,34
1002,44
1002,47
1003,70
1003,15
1003,23
1003,53
1003,11
1003,46
1003,4
1003,44
1003,52
1003,47
1004,27
1004,15
1004,53
1004,56
1004,5
1004,14
1004,10
1004,41
1004,47
1004,60
1005,83
1005,15
1005,54
1005,53
1005,80
1005,59
1005,12
1005,44
1005,47
1005,35
1006,38
1006,31
1006,80
1006,11
1006,51
1006,34
1006,49
1006,41
1006,47
1006,22
1007,27
1007,15
1007,23
1007,59
1007,10
1007,53
1007,80
1007,41
1007,60
1007,52
1008,83
1008,73
1008,4
1008,12
1008,49
1008,46
1008,34
1008,44
1008,47
1008,52
1009,70
1009,73
1009,17
1009,53
1009,30
1009,12
1009,66
1009,41
1009,47
1009,28
1010,29
1010,73
1010,30
1010,12
1010,40
1010,39
1010,17
1010,44
1010,28
1010,47
1011,27
1011,73
1011,23
1011,11
1011,10
1011,54
1011,57
1011,44
1011,47
1011,71
1012,27
1012,73
1012,17
1012,59
1012,30
1012,23
1012,11
1012,44
1012,22
1012,47
1013,70
1013,73
1013,80
1013,23
1013,49
1013,17
1013,50
1013,44
1013,47
1013,35
1014,27
1014,28
1014,80
1014,53
1014,12
1014,63
1014,50
1014,44
1014,22
1014,47
1015,78
1015,15
1015,45
1015,61
1015,48
1015,41
1015,47
1015,35
1016,83
1016,73
1016,80
1016,11
1016,12
1016,50
1016,49
1016,41
1016,60
1016,62
1017,70
1017,15
1017,80
1017,53
1017,23
1017,30
1017,49
1017,41
1017,28
1017,35
1018,78
1018,15
1018,12
1018,4
1018,11
1018,80
1018,30
1018,41
1018,47
1019,70
1019,73
1019,23
1019,23
1019,34
1019,44
1019,22
1019,47
1020,70
1020,28
1020,17
1020,23
1020,11
1020,12
1020,55
1020,44
1020,52
1020,47
1021,83
1021,31
1021,30
1021,80
1021,12
1021,46
1021,23
1021,41
1021,47
1021,52
1022,70
1022,73
1022,30
1022,24
1022,49
1022,44
1022,47
1022,22
1023,75
1023,31
1023,16
1023,3
1023,16
1023,16
1023,16
1023,44
1023,71
1023,71
1024,38
1024,15
1024,59
1024,80
1024,11
1024,49
1024,50
1024,42
1024,47
1024,22
1025,84
1025,15
1025,53
1025,23
1025,57
1025,11
1025,80
1025,44
1025,35
1025,47
1026,29
1026,15
1026,80
1026,54
1026,10
1026,11
1026,23
1026,44
1027,83
1027,15
1027,80
1027,11
1027,44
1027,47
1027,52
1028,27
1028,15
1028,23
1028,17
1028,57
1028,56
1028,80
1028,41
1028,47
1028,52
1029,70
1029,28
1029,16
1029,12
1029,51
1029,34
1029,23
1029,41
1029,52
1029,47
1030,84
1030,73
1030,59
1030,80
1030,63
1030,11
1030,30
1030,41
1030,52
1030,47
1031,70
1031,73
1031,40
1031,23
1031,81
1031,11
1031,42
1031,47
1031,28
1032,70
1032,15
1032,16
1032,46
1032,81
1032,12
1032,49
1032,44
1032,22
1032,35
1033,38
1033,15
1033,17
1033,9
1033,12
1033,43
1033,47
1033,60
1034,84
1034,73
1034,53
1034,10
1034,59
1034,4
1034,39
1034,41
1034,47
1034,64
1035,70
1035,31
1035,12
1035,72
1035,80
1035,51
1035,69
1035,44
1035,60
1035,35
1036,27
1036,73
1036,59
1036,53
1036,80
1036,18
1036,21
1036,44
1036,35
1036,60
1037,38
1037,73
1037,59
1037,11
1037,80
1037,23
1037,46
1037,41
1037,47
1037,28
1038,84
1038,15
1038,23
1038,11
1038,12
1038,17
1038,51
1038,41
1038,28
1039,70
1039,15
1039,80
1039,12
1039,10
1039,10
1039,50
1039,44
1039,28
1040,70
1040,15
1040,23
1040,12
1040,40
1040,49
1040,11
1040,44
1040,47
1040,22
1041,83
1041,73
1041,11
1041,30
1041,80
1041,63
1041,44
1041,47
1041,60
1042,29
1042,31
1042,2
1042,13
1042,39
1042,36
1042,9
1042,44
1042,35
1042,60
1043,76
1043,31
1043,12
1043,12
1043,34
1043,23
1043,50
1043,42
1043,35
1043,71
1044,75
1044,73
1044,23
1044,46
1044,9
1044,20
1044,59
1044,41
1044,71
1044,52
1045,38
1045,28
1045,72
1045,30
1045,80
1045,4
1045,63
1045,44
1045,60
1045,52
1046,70
1046,15
1046,51
1046,44
1046,47
1046,22
1047,38
1047,15
1047,53
1047,80
1047,10
1047,44
1047,47
1047,52
1048,77
1048,73
1048,68
1048,34
1048,12
1048,80
1048,51
1048,44
1048,47
1048,67
1049,70
1049,73
1049,80
1049,12
1049,40
1049,4
1049,81
1049,42
1049,47
1049,35
1050,38
1050,15
1050,80
1050,7
1050,44
1050,47
1051,76
1051,15
1051,30
1051,11
1051,16
1051,5
1051,20
1051,42
1051,47
1051,64
1052,27
1052,15
1052,53
1052,23
1052,72
1052,10
1052,12
1052,41
1052,47
1052,28
1053,77
1053,28
1053,34
1053,12
1053,49
1053,46
1053,44
1053,47
1053,22
1054,84
1054,15
1054,53
1054,30
1054,23
1054,80
1054,1
1054,44
1054,52
1055,70
1055,15
1055,53
1055,23
1055,10
1055,49
1055,72
1055,44
1055,52
1055,47
1056,84
1056,28
1056,23
1056,57
1056,40
1056,34
1056,46
1056,44
1056,28
1056,60
1057,70
1057,28
1057,80
1057,4
1057,57
1057,23
1057,51
1057,44
1057,22
1057,62
1058,76
1058,31
1058,4
1058,59
1058,12
1058,80
1058,23
1058,41
1058,47
1058,52
1059,70
1059,73
1059,16
1059,80
1059,81
1059,12
1059,72
1059,42
1059,35
1059,47
1060,70
1060,73
1060,80
1060,17
1060,44
1060,47
1060,64
1061,27
1061,31
1061,4
1061,11
1061,10
1061,53
1061,49
1061,41
1061,47
1061,35
1062,70
1062,15
1062,51
1062,53
1062,12
1062,17
1062,54
1062,44
1062,52
1062,35
1063,76
1063,73
1063,17
1063,46
1063,12
1063,34
1063,11
1063,42
1063,47
1063,35
1064,76
1064,28
1064,4
1064,53
1064,11
1064,23
1064,46
1064,44
1064,47
1064,28
1065,83
1065,15
1065,80
1065,30
1065,23
1065,53
1065,10
1065,44
1065,47
1065,52
1066,27
1066,15
1066,23
1066,4
1066,12
1066,11
1066,16
1066,44
1066,47
1066,52
1067,83
1067,31
1067,23
1067,80
1067,20
1067,55
1067,49
1067,41
1067,47
1067,35
1068,83
1068,73
1068,68
1068,20
1068,10
1068,41
1068,62
1068,22
1069,70
1069,73
1069,17
1069,23
1069,68
1069,24
1069,74
1069,44
1069,47
1069,60
1070,27
1070,15
1070,30
1070,10
1070,81
1070,16
1070,5
1070,44
1070,47
1070,52
1071,75
1071,31
1071,80
1071,10
1071,30
1071,30
1071,57
1071,44
1071,62
1071,52
1072,70
1072,31
1072,34
1072,12
1072,17
1072,42
1072,47
1072,22
1073,70
1073,15
1073,80
1073,23
1073,59
1073,11
1073,50
1073,41
1073,47
1073,52
1074,70
1074,73
1074,80
1074,59
1074,23
1074,10
1074,4
1074,41
1074,35
1074,47
1075,38
1075,73
1075,16
1075,80
1075,46
1075,65
1075,11
1075,42
1075,60
1075,47
1076,77
1076,15
1076,53
1076,10
1076,80
1076,50
1076,23
1076,41
1076,47
1076,22
1077,77
1077,15
1077,11
1077,49
1077,80
1077,10
1077,44
1077,47
1078,76
1078,73
1078,11
1078,17
1078,20
1078,44
1078,47
1078,47
1079,70
1079,73
1079,53
1079,11
1079,59
1079,49
1079,56
1079,44
1079,47
1079,52
1080,70
1080,15
1080,40
1080,20
1080,56
1080,42
1080,47
1081,83
1081,28
1081,49
1081,12
1081,40
1081,11
1081,59
1081,41
1081,47
1081,52
1082,70
1082,73
1082,17
1082,34
1082,20
1082,11
1082,80
1082,44
1082,47
1082,22
1083,70
1083,28
1083,11
1083,12
1083,49
1083,50
1083,23
1083,44
1083,47
1083,28
1084,70
1084,15
1084,23
1084,59
1084,80
1084,46
1084,50
1084,41
1084,47
1085,29
1085,73
1085,53
1085,23
1085,17
1085,82
1085,10
1085,41
1085,47
1085,22
1086,84
1086,73
1086,51
1086,23
1086,80
1086,5
1086,54
1086,41
1086,47
1086,22
1087,27
1087,15
1087,80
1087,4
1087,23
1087,72
1087,12
1087,44
1087,35
1087,62
1088,83
1088,15
1088,80
1088,34
1088,49
1088,68
1088,24
1088,41
1088,52
1088,62
1089,27
1089,73
1089,53
1089,17
1089,30
1089,80
1089,50
1089,41
1089,60
1089,47
1090,27
1090,15
1090,17
1090,30
1090,7
1090,80
1090,2
1090,41
1090,47
1090,35
1091,77
1091,73
1091,12
1091,46
1091,51
1091,42
1091,52
1091,60
1092,27
1092,15
1092,17
1092,11
1092,81
1092,10
1092,49
1092,44
1092,60
1092,71
1093,70
1093,28
1093,30
1093,4
1093,59
1093,16
1093,20
1093,44
1093,35
1093,47
1094,27
1094,15
1094,30
1094,80
1094,11
1094,10
1094,25
1094,41
1094,35
1094,47
1095,83
1095,31
1095,80
1095,11
1095,20
1095,66
1095,30
1095,44
1095,35
1095,60
1096,76
1096,73
1096,12
1096,34
1096,18
1096,56
1096,25
1096,44
1096,47
1096,52
1097,29
1097,73
1097,53
1097,12
1097,11
1097,17
1097,46
1097,44
1097,47
1097,22
1098,70
1098,15
1098,80
1098,4
1098,30
1098,51
1098,33
1098,41
1098,47
1098,35
1099,70
1099,28
1099,80
1099,59
1099,63
1099,72
1099,23
1099,44
1099,47
1099,28
1100,70
1100,15
1100,17
1100,11
1100,50
1100,42
1100,47
1100,52
1101,83
1101,15
1101,80
1101,23
1101,30
1101,4
1101,10
1101,44
1101,35
1101,62
1102,27
1102,73
1102,53
1102,12
1102,17
1102,9
1102,81
1102,44
1102,47
1102,35
1103,38
1103,15
1103,11
1103,80
1103,10
1103,49
1103,12
1103,41
1103,47
1103,62
1104,77
1104,73
1104,53
1104,4
1104,12
1104,49
1104,68
1104,44
1104,47
1104,60
1105,75
1105,15
1105,4
1105,80
1105,11
1105,49
1105,20
1105,44
1105,47
1105,52